Dialogue ID,Speaker ID,Bubble Mode,Script Text,Text Effect,Image ID,Emotional State,Sound ID,CutScene ID,Next,비고
Prologue_000,System,,당신의 이름을 입력해주세요.,,,,,,,플레이어 이름 설정
Prologue_001,System,,당신의 고양이의 이름을 입력해주세요.,,,,,,,고양이 이름 설정
Prologue_002,엄마,,{PlayerName}!! 어딨어!!! ,TRUE/SHAKE/FAST,temp_mom,Angry,,Prologue_1,,
,엄마,,이것 좀 봐. 네가 그렇게 아끼는 고양이가\n소파를 다 물어뜯어 놨어. 이거 어떡할 거니?,SHAKE/FAST,temp_mom,Angry,,Prologue_1,,
,Player,,내가 그런 게 아니잖아! 고양이가 그런 걸 왜 나한테 그래?,SHAKE/FAST,temp_playerHUMAN,Angry,,Prologue_1,,
,엄마,,뭐? {PlayerName}아` 네가 고양이 키울 때 네가 다 책임지겠다고 했잖아.,TRUE,temp_mom,Angry,,Prologue_1,,
,엄마,,지금 고양이 똥 치우는 것도 엄마가 하고 있고 넌 지금 한 게 뭐가 있니? \n책임진다고 해놓고선 엄마한테 다 떠넘겼잖아.,,temp_mom,Angry,,Prologue_1,,
,엄마,,네 고양이 네가 관리 안 하고 뭐하는거니?,,temp_mom,Angry,,Prologue_1,,
,Player,,나도 학교 과제랑 알바 때문에 바빠서 어쩔 수 없었다고!\n그리고 나도 고양이한테 밥은 챙겨주고 있어!,,temp_playerHUMAN,Angry,,Prologue_1,,
,엄마,,뭐? 너 전에 얘 아프다고 병원에 데려가놓고선\n병원비 비싸다고 엄마한테 돈 빌려달라고 한 건 기억도 안 나니?,,temp_mom,Angry,,Prologue_1,,
,Player,,그건 엄마한테 안 빌리고 알아서 냈잖아! \n이미 지난 일을 왜 끄집어내고 그래?,,temp_playerHUMAN,Angry,,Prologue_1,,
,엄마,,너 그것도 적금 들던 거 무리하게 깨고 냈잖니! \n그리고 지금 엄마는 고양이 털 때문에 두드러기 난 것도 안 보이니?,,temp_mom,Angry,,Prologue_1,,
,엄마,,너 정말 다른 사람도 생각 안 하고 네 생각만 할거야?,,temp_mom,Angry,,Prologue_1,,
,Player,,내가 그렇게 큰 잘못을 한 거야…? 좋아` 내가 알아서 할게.,SHAKE,temp_playerHUMAN,Angry,,Prologue_1,,
,엄마,,{PlayerName}!!!,TRUE/SHAKE,temp_mom,Angry,,BLACK,EventNextPrologueStep,
Prologue_003,YourCat,,야옹~,,temp_playerCAT,,catMeow2,Prologue_2,,주인공의 방
,Player,,옳지` 여기로 들어가자. 얼른 들어가봐.,,temp_playerHUMAN,,,Prologue_2,,
,InnerThoughts,,(이동장의 지퍼를 잠근다.),,temp_playerHUMAN,,,BLACK,EventNextPrologueStep,
Prologue_004,엄마,,{PlayerName}` 너 지금 이 시간에 어딜 가니!,TRUE/AUTO_DELAYED,temp_mom,Angry,,,,거실로 이동
,Player,,…,AUTO_DELAYED,temp_playerHUMAN,Angry,,,,
,엄마,,{PlayerName}!!,TRUE/AUTO_DELAYED,temp_mom,Angry,,,,
Prologue_005,Player,TRUE,내가 지금 왜 이러고 있지..?,AUTO_DELAYED,temp_playerHUMAN,,,,,집에서 나와서 뒷골목으로 이동
,Player,TRUE,하지만 이번에는 내가 잘못한 게 아니잖아!,AUTO_DELAYED,temp_playerHUMAN,,,,,
,Player,TRUE,……..,AUTO_DELAYED,temp_playerHUMAN,,,,,
,Player,TRUE,우린 서로와 잘 맞지 않았던 걸까…,AUTO_DELAYED,temp_playerHUMAN,,,,,
,Player,TRUE,내가 거기서 널 데려오지 않았더라면…,AUTO_DELAYED,temp_playerHUMAN,,,,,
,Player,TRUE,……..,AUTO_DELAYED,temp_playerHUMAN,,,,,
Prologue_006,Player,TRUE,… 여기다가 널 풀어줄게.,AUTO_DELAYED,temp_playerHUMAN,,,,,20251114 UT 피드백 확인후 자동으로 넘어가게 수정함
,Player,TRUE,앞으로 잘 살아라.,AUTO_DELAYED,temp_playerHUMAN,,,,,
,YourCat,TRUE,야옹..,AUTO_DELAYED,temp_playerCAT,,catMeow,,EventFadeOut&NextPrologueStep,
Prologue_007,Player,,뭐... 고양이니까 알아서 잘 살겠지...,,temp_playerHUMAN,,,Prologue_3,,집으로 돌아온 후 침대 위
,Player,,에잇` 잠이나 자자..,,temp_playerHUMAN,,,Prologue_3,,
,InnerThoughts,,(평소처럼 베개 옆을 쓰다듬는다.),,temp_playerHUMAN,,,Prologue_3,,
,InnerThoughts,,… 아,,temp_playerHUMAN,,,Prologue_3,,
,InnerThoughts,,{YourCatName}(은)는 이제 없지.. 나도 참..,TRUE,temp_playerHUMAN,,,Prologue_3,,
,InnerThoughts,,… 오늘따라 침대가 좀 넓게 느껴지네..,,temp_playerHUMAN,,,BLACK,EventFadeOut&NextPrologueStep,
Prologue_008,Player,,.. 여긴 어디지? 온통 다 어두컴컴해서 잘 안 보이네...,,temp_playerHUMAN,,,Prologue_4,,꿈 속
,Player,,앗` 뭔가가 다가오는데? 저건 또 뭐지?,,temp_playerHUMAN,,,Prologue_4,EventNextPrologueStep,
Prologue_009,Player,,윽` 뭐야?!!,SHAKE,temp_playerHUMAN,,,Prologue_5,,하얀 새가 주인공에게 달려 들고 날아감
,Player,,대체 무슨 일이 일어난 거지..?,,temp_playerHUMAN,,,Prologue_6,,
,InnerThoughts,,저 하얀 새…가 나를 공격한 건가?\n도대체 왜..?,,temp_playerHUMAN,,,Prologue_7,,
,InnerThoughts,,아.. 점점 눈 앞이 흐려진다…,,temp_playerHUMAN,,,BLACK,EventNextPrologueStep,
,,,,,,,,,,
Stage01_001,Player,,…여긴…어디지?,,temp_playerHUMAN,,,,,어두운 이동장 속에서 깨어나며
,Player,,어두워서 잘 보이지도 않네. 뭔가 천 같은 게 덮여있는데…,,temp_playerHUMAN,,,,,
,Player,,일단 이 천을 밀어내고 밖으로 나가보자.,,temp_playerHUMAN,,,,,
Stage01_002,Player,TRUE,후... 드디어 나왔다. 그런데 여긴 진짜 어디야?,,temp_playerCAT,,,,,이동장 나온 후
,Player,TRUE,일단 일어나 볼…어?!,,temp_playerCAT,,,,,
,Player,TRUE,몸이..말을 안 들어.. 손이랑 발의 감각이 이상해!,,temp_playerCAT,,,,,
,Player,TRUE,뭔가 네 발로 걷고 있는 것 같은데... 이게 뭐지?!,,temp_playerCAT,,,,,키 홀딩 미니게임 시작
Stage01_003,Player,,…여긴 진짜 어디야? 뭔가 익숙하긴 한데…,,temp_playerCAT,,,,,키 홀딩 미니게임 끝
,Player,,그것보다 몸이 너무 이상해… 시야도 낮고… 걸음걸이도 완전히 달라…,,temp_playerCAT,,,,,
,Player,,내 몸이… 털로 덮여 있어…?,,temp_playerCAT,,,,,
,Player,,물 웅덩이에 가까이 가서 내 모습을 [확인]해보자.,,temp_playerCAT,,,,,
Stage01_004,Player,,말도 안 돼... 이건 꿈일 거야. 웅덩이에 비친 모습... \n 털로 뒤덮인 손... 이건 내 고양이` {YourCatName}의 모습이잖아?,SHAKE/TRUE,temp_playerCAT,,,,,플레이어가 몸을 확인할 때 (물가에서 상호작용 키 입력 시)
,Player,,그보다 나… 분명 수영 좋아하는데 왜 이렇게 물이 싫지??,,temp_playerCAT,,,,,
,Player,,으… 느낌이 이상해.. [물 웅덩이는 피해야겠어.],,temp_playerCAT,,,,,
Stage01_005,Player,TRUE,앗` 저건 고양이가 되기 전에 꿈에서 봤던 [하얀 새]…?,,temp_playerCAT,,,,,물가 조사 스크립트 이후 주인공 위로 하얀새가 지나감(빠른속도X)
,Player,TRUE,저 새… 꿈에서 봤어. 분명히 나한테서 뭔가를 가져갔었는데..,,temp_playerCAT,,,,,
,Player,TRUE,지금의 상황이랑 연관이 있을지도 몰라. [한번 쫓아가 보자!],,temp_playerCAT,,,,EventSetNextTutorial,스테이지1의 플랫포머 게임 진행
Stage01_006,Player,,어? [낡은 소파에 퍼즐 조각이 있잖아?] 저게 뭐지…?,,temp_playerCAT,,,,,소파가 있는 구역에 도달했을 시에 뜨는 대사
,Player,,이 소파 어디에선가 본 적이 있는것 같아. 뭔가 예전 일들이 자꾸만 떠오르네…,,temp_playerCAT,,,,,
,InnerThoughts,,눈꺼풀이 무겁다… 너무 피곤한 느낌…,,temp_playerCAT,,,,,대사 끝나면 튜토리얼 NextScene을 통해 다음 씬으로 이동
,,,,,,,,,,
Recall1_001,InnerThoughts,,(거실 쪽에서 사각사각 하는 소리… 익숙한 느낌이다.),,temp_playerHUMAN,,,,,
,Player,TRUE,또 이 시간에? …혹시 {YourCatName}(이)가 또 소파를?,TRUE,temp_playerHUMAN,,,,EventSetNextTutorial,
Recall1_002,Player,,{YourCatName}(이)가 또 소파를 긁고 있잖아? 어휴 이 녀석이 또…,TRUE,temp_playerHUMAN,,,,Choice_001,
Recall1_003,Player,TRUE,그래` [스크래쳐라도 놔주자.],,temp_playerHUMAN,,,,,긍정적 선택지
,Player,TRUE,여기라면 마음껏 긁어도 돼. 이건 네 거야.,,temp_playerHUMAN,,,,,
,YourCat,TRUE,야옹~,,temp_playerCAT,,,,EventRecall1_GoodChoice,
Recall1_004,Player,,너 또 이러면 혼난다고 했지!,SHAKE,temp_playerHUMAN,,,,,부정적 선택지
,Player,,이제 그만하고 들어가!,,temp_playerHUMAN,,,,,
,YourCat,,야옹…,,temp_playerCAT,,,,EventRecall1_BadChoice,
Recall1_005,Monolog,,스크래쳐를 사주고 나서야 깨달았어.\n그 아이는 단지 본능대로 행동했을 뿐인데…,AUTO_DELAYED/FADE_OUT,,,,,,
Recall1_006,Monolog,,그때는 그저 내 물건이 망가지는 게 싫어서 화부터 냈어.\n그 아이의 행동에는 다 이유가 있었을 텐데...,AUTO_DELAYED/FADE_OUT,,,,,,
Recall1_007,Player,,갑자기 잠이 쏟아지네... 너무 피곤하다.,,temp_playerHUMAN,,,,,
,InnerThoughts,,* 집 안을 조사한 이후에 소파나 침대에서 잠을 청할 수 있습니다.,,temp_playerHUMAN,,,,,이미지 없게 설정
Recall1_008,Player,,잠깐 쉴까?,,temp_playerHUMAN,,,,,
,InnerThoughts,,*잠에 들면 다시 이곳으로 돌아올 수 없습니다.,,temp_playerHUMAN,,,,Choice_Bed_001,이미지 없게 설정
Recall1_009,Player,,(소파에 눕는다.) 조금만 쉬자…,,temp_playerHUMAN,,,,,
,InnerThoughts,,(그 순간 어딘가에서 “야옹” 소리가 들린다.),,temp_playerHUMAN,,,,,
,InnerThoughts,,{YourCatName}이 슬며시 소파 위로 올라온다.,TRUE,temp_playerHUMAN,,,,,
,InnerThoughts,,(눈이 감긴다...),,temp_playerHUMAN,,,,EventSetNextTutorial,
Recall1_010,InnerThoughts,,여름이 아니라서 에어컨은 꺼져 있다.,,temp_playerHUMAN,,,,,
,InnerThoughts,,에어컨 한 번 청소해야 하는데…,,temp_playerHUMAN,,,,,
Recall1_011,InnerThoughts,,이파리가 나기 시작한 나무다.,,temp_playerHUMAN,,,,,
,InnerThoughts,,{YourCatName}(이)가 이상하게도 이 풀을 뜯어 먹으려고 했지...,TRUE,temp_playerHUMAN,,,,,
,InnerThoughts,,왜 먹으려고 했던 걸까? 고양이는 풀 먹는 걸 좋아하나?,,temp_playerHUMAN,,,,,
Recall1_012,InnerThoughts,,(호출 버튼을 눌러본다.),,temp_playerHUMAN,,,,,
,InnerThoughts,,……,,temp_playerHUMAN,,,,,
,InnerThoughts,,... 작동하지 않는 것 같다.,,temp_playerHUMAN,,,,,
Recall1_013,InnerThoughts,,(문을 열어보려고 시도한다.),,temp_playerHUMAN,,,,,
,InnerThoughts,,... 잠금장치 배터리가 벌써 다 된 건가?,,temp_playerHUMAN,,,,,
Recall1_014,InnerThoughts,,엄마와 내 신발이 가지런히 놓여 있다.,,temp_playerHUMAN,,,,,
,InnerThoughts,,그런데 엄마는 어디 가신 거지?,,temp_playerHUMAN,,,,,고양이를 가두는 선택지 선택 시
Recall1_015,InnerThoughts,,{YourCatName}(이)가 자주 눕던 자리에 털이 수북하다.,TRUE,temp_playerHUMAN,,,,,
,InnerThoughts,,요즘 털갈이 시기인가? 청소 좀 자주 해야겠다…,,temp_playerHUMAN,,,,,스크래처를 설치하는 선택지 선택 시
Recall1_016,InnerThoughts,,... 방문이 잠겨 있다.,,temp_playerHUMAN,,,,,
,InnerThoughts,,{YourCatName}(이)가 소파를 그만 긁어야 할텐데..,TRUE,temp_playerHUMAN,,,,,
Recall1_017,InnerThoughts,,방문이 열려있다.,,temp_playerHUMAN,,,,,
,InnerThoughts,,지금은 방 안으로 들어갈 필요가 없는 것 같다.,,temp_playerHUMAN,,,,,
,,,,,,,,,,
Stage01_007,Player,,(깜빡` 눈을 뜬다...),,temp_playerCAT,,,,,
,Player,,지금 꿈을 꾼 건가...? 내가 {YourCatName}에게…,TRUE,temp_playerCAT,,,,,
,Player,,그때는... 좀 더 신경써줄 걸 그랬나…,,temp_playerCAT,,,,EventSetNextTutorial,
Stage01_008,Player,,앗` 아까 전에 본 하얀 새잖아??,,temp_playerCAT,,,,,햐얀 새가 주인공을 지나쳐서 날아감
,Player,,이번에는 놓치지 않겠어!! 거기 서~!,,temp_playerCAT,,,,EventSetNextTutorial,
,,,,,,,,,,
Stage02_001,InnerThoughts,,헉…! 덩치 큰 개가 길을 막고 서 있다…  ,,temp_playerCAT,,,,,
,InnerThoughts,,사납게 으르렁거리며 이쪽을 노려보고 있네…  ,,temp_playerCAT,,,,,
,InnerThoughts,,괜히 다가갔다간 큰일 나겠다. [위쪽 길로 돌아가자!]  ,,temp_playerCAT,,,,EventSetNextTutorial,
Stage02_002,InnerThoughts,,이 길목… 어딘가 익숙해.,,temp_playerCAT,,,,,병원 방향으로 시선 유도 시
,InnerThoughts,,어…? 저긴 {YourCatName}을/를 데리고 갔던 동물 병원이잖아!,TRUE,temp_playerCAT,,,,,
,InnerThoughts,,입구만이라도 한번 살펴보자. ,,temp_playerCAT,,,,EventSetNextTutorial,
Stage02_003,Player,TRUE,저기 사람이 나왔다! 얼른 가서 [말 걸어보자!],,temp_playerCAT,,,,EventSetNextTutorial,병원 정문의 울타리에 닿자마자 병원 직원이 건물에서 나옴.
Stage02_004,Player,,저기요! 제 말 안 들리세요? 저 {YourCatName} 보호자라고요! 왜... 왜 다들 나를 못 알아보는 거야!,TRUE/SHAKE,temp_playerCAT,,,,,플레이어가 직원A에게 상호작용 시
,직원A,,어머` 길고양이네? 어디서 왔니? 배고프니? 간식 줄까?  ,,temp_StaffA,,,,,
,Player,,네…??? 간식이요…? 저 사람이라고요! 제 말 안 들려요?!  ,,temp_playerCAT,,,,,
,직원A,,아이고` 시간이 늦었네. 얼른 들어가야겠다. 잘 있어` 야옹아~  ,,temp_StaffA,,,,EventSetNextTutorial,직원A이 병원으로 다시 들어가기 직전
Stage02_005,Player,,…내 목소리가 전혀 전해지지 않아…  ,,temp_playerCAT,,,,,
,Player,,정말 이게 현실이란 말이야…?,,temp_playerCAT,,,,,
,Player,,내가 왜 이런 모습이 되어버린 거지!!,SHAKE,temp_playerCAT,,,,EventSetNextTutorial,하얀 새가 날아가면서 울타리 앞에 하얀 퍼즐 조각을 떨어뜨리고 감.
Stage02_006,Player,,방금 하얀 새가 뭔가를 떨어뜨린 것 같은데?,,temp_playerCAT,,,,EventSetNextTutorial,퍼즐조각을 조사해서 회상씬에 들어가는 방식이긴 하지만 과거에 동물병원에 있었던 과거를 회상하며 졸음이 몰려온 후` 다음 씬으로 입장하는 방식으로 스크립트 수정 필요
Stage02_007,Player,,이건… [하얀 퍼즐 조각]…?\n아까 소파에서 봤던 그 [퍼즐 조각]과 똑같아.,,temp_playerCAT,,,,,
,InnerThoughts,,(발끝이 퍼즐을 스치자 병원 복도의 희미한 풍경이 번져온다)  ,,temp_playerCAT,,,,,퍼즐 조각 조사 후 회상2로 이동.
,Player,,…이상하네… \n눈이… \n자꾸…,,temp_playerCAT,,,,,
,InnerThoughts,,(무릎이 꺾이며 시야가 어두워지고` 서서히 쓰러지듯 잠에 빠져든다)  ,,temp_playerCAT,,,,,
,,,,,,,,,,
Recall2_001,Player,,조금 일찍 왔나? 대기실이 아직 한산하네.,,temp_playerHUMAN,,,,,
,YourCat,,야옹….,,temp_playerCAT,,,,,
,Player,,{YourCatName}도 긴장한 것 같고…,TRUE,temp_playerHUMAN,,,,EventSetNextTutorial,
Recall2_002,직원A,TRUE,{YourCatName} 보호자님~ 진료실로 들어오세요.,TRUE,temp_StaffA,,,,,
,Player,,네` 갑니다!,,temp_playerHUMAN,,,,EventSetNextTutorial,
Recall2_003,의사,,{YourCatName}의 보호자님이시죠?,TRUE,temp_Vet,,,,,병원직원이 가리키고 있는 방향의 진료실에 가서 상호작용으로 진료실에 입장
,Player,,네…! 맞습니다!,,temp_playerHUMAN,,,,,꿈 혼동 제거 필요` 아래 대사도 마찬가지
,의사,,하하` {YourCatName}뿐만 아니라 보호자님도 많이 긴장하신 것 같네요.,TRUE,temp_Vet,,,,,
,의사,,{YourCatName}아` 어디 아픈 곳 있나 보자.,TRUE,temp_Vet,,,,EventSetNextTutorial,
Recall2_004,의사,,전체적으로 건강상태는 양호해 보이네요. 다만 물을 조금 더 자주 마실 수 있게 해주시고... 예방접종이 전혀 안 되어 있어서 오늘부터 1차 접종 시작하는 게 좋겠어요.,,temp_Vet,,,,,
,Player,,아... 예방접종이요? 혹시 비용이 많이 들까요?,,temp_playerHUMAN,,,,,
,의사,,기본 예방접종은 6~8만원이에요. 아직 어린 고양이라 3주 간격으로 총 3번 맞아야 항체가 확실히 생기고` 그 뒤론 1년에 한 번만 오시면 됩니다.,,temp_Vet,,,,,
,Player,,네...? 그걸 3번이나 다 맞아야 하는 건가요?,,temp_playerHUMAN,,,,,
,의사,,그럼요. 기초 면역이 없으면 범백 같은 치명적인 병에 걸릴 수 있거든요. \n참` 길에서 생활했던 아이라 심장사상충 예방도 필수입니다,,temp_Vet,,,,,
,의사,,심장사상충은 모기로 인한 전염병인데` 길고양이는 야외 노출로 감염 위험이 높아요. 예방약을 매달 먹이면 치료비를 피할 수 있어요,,temp_Vet,,,,,
,Player,,심장사상충...이요? 그건 또 비용이 어떻게 되나요...,,temp_playerHUMAN,,,,,
,의사,,매달 바르는 약이 1~2만 원 정도예요. \n당장은 부담될 수 있지만` 감염돼서 수술받으면 수백만 원이 들거든요. 미리 예방하는 게 훨씬 경제적이죠.,,temp_Vet,,,,,
,Player,,생각보다 비용이 너무 많이 드는데... 이제 겨우 알바비 받은 지 며칠 안 지났는데` 이번 달 생활비 괜찮을까?,,temp_playerHUMAN,,,,Choice_004,
Recall2_005,Player,,그래도 이제 우리 가족이 된 {YourCatName}인데…,TRUE,temp_playerHUMAN,,,,,긍정적 선택지
,Player,,네` 접종이랑 약 다 해주세요. 제대로 키우고 싶어요.,,temp_playerHUMAN,,,,,
,의사,,좋은 선택이에요. 접종부터 시작할게요.\n보호자 분은 여기서 잠시 대기해주세요,,temp_Vet,,,,,이후 의사와의 상호작용하기
,YourCat,,야옹!,,temp_playerCAT,,,,EventRecall2_GoodChoice,예방접종 시 아파하는 야옹 소리(평소 보다 높은 톤)
Recall2_006,Player,,너무 비싸네요... 오늘은 그냥 집에 가서 생각해볼게요.,,temp_playerHUMAN,,,,,부정적 선택지
,의사,,보호자님 뜻이 그렇다면 어쩔 수 없지만... 길고양이 출신이라 건강상 위험요소가 많을 수 있어요. 가능한 한 빨리 결정하시는 게 좋겠습니다.,,temp_Vet,,,,,병원 나가기
,Player,,알겠어요... 집에 가서 한번 더 생각해볼게요.,,temp_playerHUMAN,,,,,
,YourCat,,야옹…,,temp_playerCAT,,,,EventRecall2_BadChoice,
Recall2_007,Monolog,,그때 접종과 약을 먹여서 정말 다행이었지.\n안 그랬으면 더 큰 병에 걸릴 뻔했어.,AUTO_DELAYED/FADE_OUT,,,,,,
Recall2_008,Monolog,,… 비용이 조금 들더라도 예방접종을 해줄 걸 그랬어. 약도…,AUTO_DELAYED/FADE_OUT,,,,,,
Recall2_009,의사,,오늘 진료는 여기까지입니다. 대기실에서 잠시 기다려주시면 직원이 수납이나 다음 방문 일정 조율을 도와드릴 거예요.,,temp_Vet,,,,,
,Player,,네` 감사합니다.,,temp_playerHUMAN,,,,,
,의사,,그리고... {YourCatName}(이)가 길고양이 출신이니까 집에서도 변화를 잘 살펴보세요. 갑자기 기운이 없거나 밥을 안 먹으면 바로 연락주시고요.,TRUE,temp_Vet,,,,,
,Player,,(마음이 무거워지며) 알겠습니다…,,temp_playerHUMAN,,,,,
Recall2_010,InnerThoughts,,긴장이 풀리니 갑자기 어지러운 것 같아.,SHAKE,temp_playerHUMAN,,,,,
,InnerThoughts,,좀 쉬어야겠어…,,temp_playerHUMAN,,,,,
,InnerThoughts,,* 병원을 조사한 이후에 의자에서 잠시 쉴 수 있습니다.,,temp_playerHUMAN,,,,EventSetNextTutorial,
Recall2_011,InnerThoughts,,잠깐 앉아서 쉴까?,,temp_playerHUMAN,,,,,
,InnerThoughts,,*잠에 들면 다시 이곳으로 돌아올 수 없습니다.,,temp_playerHUMAN,,,,Choice_Bed_001,
Recall2_012,Player,,(의자에 앉는다.) 하… 잠깐만 눈 좀 붙이자…  ,,temp_playerHUMAN,,,,,의자
,Player,,(이동장에서 작게 “야옹” 소리가 들린다.) \n…응` 금방 일어날게. 조금만…  ,,temp_playerHUMAN,,,,,
,InnerThoughts,,눈꺼풀이 천천히 감긴다…\n따뜻한 공기와 잔잔한 숨소리에` 서서히 의식이 멀어진다…,,temp_playerHUMAN,,,,EventSetNextTutorial,
Recall2_013,InnerThoughts,,동물병원 벽에 걸려 있는 TV다.\n환자 리스트 옆에서 뉴스 한 장면이 송출되고 있다.,,temp_playerHUMAN,,,,,변경 전:동물 병원에 걸려져 있는 TV다.\nTV 속에는 뉴스의 한 장면이 틀어져 있다.
,InnerThoughts,,[유기동물 보호소인 척하는 신종 폣숍]이 늘어나고 있다고…?\n이상한 사람들도 다 있네.. ,,temp_playerHUMAN,,,,,
Recall2_014,InnerThoughts,,고양이용 연어맛 츄르다.,,temp_playerHUMAN,,,,,고양이용 츄르
,InnerThoughts,,{YourCatName}(은)는 무슨 맛을 좋아했더라…,TRUE,temp_playerHUMAN,,,,,
Recall2_015,InnerThoughts,,사지 말고 입양하세요'라는 문구가 크게 쓰여 있다. 한국에는 매년 10만 마리 이상의 반려동물이 유기되고 있다고 했다,,temp_playerHUMAN,,,,,유기동물 포스터
,InnerThoughts,,새 가족을 찾지 못한 아이들의 눈빛이 너무 슬퍼 보인다. \n입양 절차와 문의 연락처가 안내돼 있다.,,temp_playerHUMAN,,,,,
,InnerThoughts,,{YourCatName}을(를) 만난 게… 우연이 아니라 꼭 필요한 인연 같아.,TRUE,temp_playerHUMAN,,,,,
Recall2_016,InnerThoughts,,유기동물 구조 기부함이네.,,temp_playerHUMAN,,,,,기부함
,InnerThoughts,,솔직히` 예전엔 이런 거 그냥 지나쳤는데…,,temp_playerHUMAN,,,,,
Recall2_017,InnerThoughts,,입양 전 꼭 알아야 할 5가지…,,temp_playerHUMAN,,,,,입양 안내 책자
,InnerThoughts,,솔직히 하나도 준비 안 된 상태로 데려왔는데…,,temp_playerHUMAN,,,,,
,InnerThoughts,,그래도… 이제라도 하나씩 배우면 되겠지?,,temp_playerHUMAN,,,,,
Recall2_018,YourCat,TRUE,야옹..,,temp_playerCAT,,,,,
,InnerThoughts,,{YourCatName}이(가) 들어 있는 이동장이다.  ,TRUE,temp_playerHUMAN,,,,,의자 위 이동장
,InnerThoughts,,낯선 환경이 불편한지` 몸을 뒤척일 때마다 이동장이 살짝 흔들린다.,,temp_playerHUMAN,,,,,
Recall2_019,InnerThoughts,,중성화 수술에 대한 안내문이다.  ,,temp_playerHUMAN,,,,,유기동물 포스터
,InnerThoughts,,원치 않는 번식을 막고` 발정기 스트레스와 특정 질병의 위험을 줄여준다고 한다.\n수술 후 관리 방법에 대해서도 설명이 붙어 있다.,,temp_playerHUMAN,,,,,
,InnerThoughts,,솔직히 예전엔 이런 게 왜 필요한지 몰랐는데. 이제부터라도 잘 알아가야겠어.,,temp_playerHUMAN,,,,,변경 전:솔직히 예전엔 이런 게 왜 필요한지 몰랐는데.
Recall2_020,InnerThoughts,,정기 예방접종은 반려묘의 건강을 지키는 첫걸음'… \n고양이 정기 예방접종 안내 포스터다.  ,,temp_playerHUMAN,,,,,유기동물 포스터
,InnerThoughts,,고양이 전염병` 광견병 등 주요 질병을 예방할 수 있다고 적혀 있다. 접종 시기와 종류가 표로 정리돼 있다.,,temp_playerHUMAN,,,,,
Recall2_021,InnerThoughts,,벽에 원장 이름이 적힌 자격증들이 걸려 있다.  ,,temp_playerHUMAN,,,,,
,InnerThoughts,,수의학 학위` 전문의 자격증` 세미나 수료증 등이 보인다.  ,,temp_playerHUMAN,,,,,
Recall2_022,InnerThoughts,,진찰대 위가 깔끔하게 정리돼 있다.  ,,temp_playerHUMAN,,,,,
,InnerThoughts,,차갑고 위생적인 금속 재질 위에 소독제가 놓여 있다.  ,,temp_playerHUMAN,,,,,
Recall2_023,InnerThoughts,,수술실로 이어지는 문이다.  ,,temp_playerHUMAN,,,,,
,InnerThoughts,,안쪽은 보이지 않게 가려져 있으며` 작은 안내판에 '관계자 외 출입 금지'라고 적혀 있다.,,temp_playerHUMAN,,,,,
Recall2_Good_001,직원A,,진료 잘 받으셨어요? {YourCatName}(이)가 길고양이 출신인데도 정말 얌전했어요!,TRUE,temp_StaffA,,,,,
,Player,,그쵸? 처음 데려올 때는 어떻게 될지 몰랐는데` 의외로 순하더라고요.,,temp_playerHUMAN,,,,,
,InnerThoughts,,길에서 떨고 있던 모습이랑은 정말 다르네. 우리 둘 다 잘해냈어.,,temp_playerHUMAN,,,,,
Recall2_Good_002,직원A,,심장사상충 약도 잘 받으셨죠? 길고양이 출신이라 더 중요해요. 냉장보관 하시고` 매달 꼭 먹이세요.,,temp_StaffA,,,,,
,Player,,네` 달력에 표시해두고 알람도 맞춰뒀어요.,,temp_playerHUMAN,,,,,
,직원A,,길고양이는 야외 기생충 위험이 높아서 더 신경 써야 하거든요. 잘하고 계세요~,,temp_StaffA,,,,,
,InnerThoughts,,매달 한 번이면 어려울 것도 없어. 이 정도는 해줄 수 있지.,,temp_playerHUMAN,,,,,
Recall2_Good_003,직원A,,다음 2차 접종 일정 꼭 기억해주세요~ 길고양이는 특히 면역력이 중요하거든요.,,temp_StaffA,,,,,
,Player,,네` 캘린더에 미리 적어뒀어요. 절대 놓치지 않을게요.,,temp_playerHUMAN,,,,,
,InnerThoughts,,다음엔 더 여유롭게 올 수 있을 것 같아. 오늘이 첫 관문이었네.,,temp_playerHUMAN,,,,,
Recall2_Good_004,직원A,,길에서 지내다 이렇게 잘 챙겨주시는 {PlayerName}님을 만나다니` {YourCatName}은/는 정말 운이 좋은 고양이네요.,TRUE,temp_StaffA,,,,,변경 전:길고양이 출신인데도 이렇게 차근차근 챙겨주시니까 {YourCatName}이 정말 운이 좋네요!
,직원A,,집에 가시면 오늘은 푹 쉬게 해주세요. 접종 받으면 곧잘 피곤해하거든요.,,temp_StaffA,,,,,변경 전:집에 가시면 오늘은 푹 쉬게 해주세요. 접종 받고 나서 좀 피곤할 거예요.
,Player,,네` 맛있는 간식도 준비해뒀어요.,,temp_playerHUMAN,,,,,
Recall2_Good_101,의사,,오늘은 접종 받느라 스트레스 받았을 테니 집에서 편하게 쉬게 해주세요.,,temp_Vet,,,,,
,Player,,네` 조용한 곳에서 하루 종일 푹 쉬게 해줄게요.,,temp_playerHUMAN,,,,,
Recall2_Good_102,의사,,약은 매달 꼭 챙겨주세요. 길고양이는 특히 예방이 중요해요. 치료보다 예방이 백 배 낫습니다.,,temp_Vet,,,,,
,Player,,네` 그 말씀이 정말 와닿아요. 길에서 아픈 채로 있었을 생각하니까...,,temp_playerHUMAN,,,,,
,의사,,이제 안전하니까 걱정 마세요. 꾸준히만 챙겨주시면 됩니다.,,temp_Vet,,,,,
,Player,,이 아이 지켜주는 게 제 역할이니까요.,,temp_playerHUMAN,,,,,
,InnerThoughts,,아직 서툴지만... 책임감이 생기네.,,temp_playerHUMAN,,,,,
Recall2_Good_103,의사,,길고양이 처음 키우시는 것치고는 정말 잘하고 계세요. 궁금한 점 있으면 언제든 병원으로 연락주세요.,,temp_Vet,,,,,
,Player,,아직 모르는 게 너무 많아서... 앞으로도 많이 도움 받을 것 같아요.,,temp_playerHUMAN,,,,,
Recall2_Good_104,의사,,{YourCatName}(을)를 길에서 구조해서 이렇게 잘 돌봐주시니` 정말 좋은 인연인 것 같네요.,TRUE,temp_Vet,,,,,
,Player,,저도 그렇게 생각해요. 서로에게 운명이었나 봐요.,,temp_playerHUMAN,,,,,
Recall2_Bad_001,직원A,,진료는 잘 받으셨어요? {YourCatName}(이)가 길고양이 출신인데도 생각보다 얌전했더라고요.,TRUE,temp_StaffA,,,,,
,Player,,아` 네… 다행히 큰 문제는 없다고 해서요.,,temp_playerHUMAN,,,,,
,InnerThoughts,,문제는 없었는데… 그냥 나온 게 맞았을까. 길에서 온 아이인데…,,temp_playerHUMAN,,,,,
Recall2_Bad_002,직원A,,예방접종이나 처방약은 따로 안 하고 가시는 거죠? 혹시 마음 바뀌시면 언제든 말씀해 주세요.,,temp_StaffA,,,,,
,Player,,네… 오늘은 그냥 검진만 받고 가려고요.,,temp_playerHUMAN,,,,,
,직원A,,아` 네. 길고양이 출신이라 조금 더 신경 쓰셔야 하는데... 뭐` 보호자님 결정이니까요.,,temp_StaffA,,,,,
,Player,,네…,,temp_playerHUMAN,,,,,
,InnerThoughts,,직원도 아는데 내가 이러고 있네... 괜히 민망해진다.,,temp_playerHUMAN,,,,,
Recall2_Bad_003,직원A,,다음 예방접종 일정도 안내해드릴까요? 길고양이는 특히 빨리 해주시는 게 좋거든요.,,temp_StaffA,,,,,
,Player,,아… 그건 집에 가서 생각해보고 다시 연락드릴게요.,,temp_playerHUMAN,,,,,
,직원A,,네` 하지만 너무 오래 미루시면 안 돼요. 어린 고양이라서요.,,temp_StaffA,,,,,
,Player,,네… 기억해둘게요.,,temp_playerHUMAN,,,,,
,InnerThoughts,,다음번엔… 꼭 해야겠다. 이렇게 계속 미룰 순 없어.,,temp_playerHUMAN,,,,,
Recall2_Bad_004,직원A,,{YourCatName}(이)가 처음 병원 와봤죠? 길에서 온 아이치고는 정말 잘 견뎠어요.,TRUE,temp_StaffA,,,,,
,Player,,그쵸… 생각보다 순해서 놀랐어요.,,temp_playerHUMAN,,,,,
,InnerThoughts,,이 아이는 이렇게 잘하는데` 정작 나는 뭘 하고 있는 거지…,,temp_playerHUMAN,,,,,
Recall2_Bad_101,의사,,오늘은 기본 검진만 받으셨죠. 다행히 길고양이치고는 건강 상태가 나쁘지 않네요.,,temp_Vet,,,,,
,Player,,네 정말 다행이네요. 감사합니다..,,temp_playerHUMAN,,,,,
,InnerThoughts,,다음에 여유가 생기면 꼭 다시 와야겠다. 길에서 데려온 아이인데 이럴 순 없어.,,temp_playerHUMAN,,,,,
Recall2_Bad_102,의사,,{YourCatName}(은)는 아직 어리고` 길고양이였다면 지금부터가 더 중요해요.,TRUE,temp_Vet,,,,,
,Player,,네… 말씀 새겨듣겠습니다.,,temp_playerHUMAN,,,,,
Recall2_Bad_103,의사,,마지막으로 궁금한 거 있으세요? 길고양이 처음 키우시는 분들은 다들 어려워하거든요.,,temp_Vet,,,,,
,Player,,…음` 오늘은 괜찮아요.,,temp_playerHUMAN,,,,,
,의사,,네` 다음번엔 부담 갖지 마시고 편하게 물어보세요.,,temp_Vet,,,,,
,InnerThoughts,,진짜 다음번엔 망설이지 말고 다 물어봐야겠다…,,temp_playerHUMAN,,,,,
Recall2_Bad_104,의사,,예방접종과 심장사상충 약은 오늘 생략하셨지만` 길고양이 출신이라 더 위험할 수 있어요. 가능한 빨리 결정하시길 바라요.,,temp_Vet,,,,,
,Player,,네… 집에 가서 생각해보고 연락드릴게요.,,temp_playerHUMAN,,,,,
,의사,,길고양이는 야외 질병에 노출되어 있었을 가능성이 높거든요. 상담만이라도 다시 오세요.,,temp_Vet,,,,,
,Player,,네… 감사합니다.,,temp_playerHUMAN,,,,,
,,,,,,,,,,
Stage02_010,InnerThoughts,,(깜빡` 눈을 뜬다...),,temp_playerCAT,,,,,
,Player,,방금… {YourCatName}이랑 병원에 왔던 때가 떠올랐어.  ,TRUE,temp_playerCAT,,,,,
,Player,,…아직도 그 순간이 이렇게 생생하네.,,temp_playerCAT,,,,,
,Player,,앗` 이제 슬슬 해가 지려고 하네?!,,temp_playerCAT,,,,,
,Player,,서둘러서 집으로 돌아가는 게 좋겠어. 아파트 공원을 통해서 가자!,,temp_playerCAT,,,,EventSetNextTutorial,
,,,,,,,,,,
Stage03_001,Player,,드디어 아파트 공원에 도착했어!,,temp_playerCAT,,,,,스테이지3 공원 입구에 입성
,Player,,어? 근데 아이들이 있네.,,temp_playerCAT,,,,EventSetNextTutorial,
Stage03_002,아이A,,야` 이것 봐!! 개미들이 집에 못 들어가서 우왕좌왕하는 거 봐ㅋㅋㅋ,,KidA,Happy,,,,개미집 부수고 있는 아이들에게 클로즈업
,아이B,,헐ㅋㅋㅋ 아예 못 움직이게 돌로 눌러볼까?,,KidB,Happy,,,,
,아이A,,좋아!! 난 더 큰 돌 찾아볼게ㅋㅋ,,KidA,Happy,,,EventSetNextTutorial,
Stage03_003,Player,,윽… 그렇게…착하지는 않은 아이들이네…,,temp_playerCAT,,,,,
,Player,,저 아이들 눈에 띄면… 나도 괴롭힘 당할 거야…,SHAKE,temp_playerCAT,,,,,
,Player,,다행히 이쪽은 안 보고 있네.\n[이쪽을 안 볼 때 몰래 움직여보자!],,temp_playerCAT,,,,,
,Player,,점프하면 눈에 띌 테니까 조심하자.,,temp_playerCAT,,,,,
,Player,,몸을 숨길 만한 곳이 나오면 [E키를 눌러서 숨어보자.],,temp_playerCAT,,,,EventSetNextTutorial,
Stage03_004,아이A,,어…? 어!!! 저기 고양이다!!,SHAKE,KidA,Surprised,,,,아이들한테 걸림
,아이B,,헐 어디어디?? 얼른 잡자!!,SHAKE,KidB,Surprised,,,,
,Player,,이런` 들켰다!! 얼른 도망치자!!,SHAKE,temp_playerCAT,,,,EventStealthGameEnd,
Stage03_005,Player,,저건… 하얀 새..?!,AUTO_DELAYED,temp_playerCAT,,,,,추격씬에서 하얀새가 보임
,Player,,자기를 따라오라는 건가??,AUTO_DELAYED,temp_playerCAT,,,,,
,Player,,일단 저 하얀 새를 따라가보자!,AUTO_DELAYED,temp_playerCAT,,,,EventSetNextTutorial,
Stage03_006,아이B,,아 뭐야!! 힘들게 뛰어왔는데!! 놓쳤어!,,KidB,Happy,,,,공원 정자 밑에 무사히 몸을 숨김
,아이A,,에이… 거의 다 잡을 수 있었는데!!,,KidA,Happy,,,,
,아이B,,야` 배고프다. 편의점에 가서 라면이나 먹자.,,KidB,Happy,,,,
,아이A,,좋아! 이번에는 네가 사는 거다~,,KidA,Happy,,,EventSetNextTutorial,
Stage03_007,Player,,헉… 헉… 숨이 가빠… ,,temp_playerCAT,,,,,아이들이 정자 주변에서 사라진 후
,Player,,저 아이들은 이제 간 거겠지… 오랜만에 뛰었더니 온몸이 녹초가 됐네. ,,temp_playerCAT,,,,,
,Player,,온몸에 힘이 하나도 없어.\n그러고 보니 고양이가 된 뒤로 물 한 모금 마시지 못했잖아. 너무 배고프다...,,temp_playerCAT,,,,,
,Player,,왜 나한테 이런 일이 일어나는 걸까… 정말 지친다… ,,temp_playerCAT,,,,EventSetNextTutorial,
Stage03_008,Player,,…어라? 저기… 또 뭔가 반짝이고 있어.,,temp_playerCAT,,,,,퍼즐 조각이 떨어졌을 시 바로 자동 재생
,Player,,저건… 전에 하얀 새가 놓고 간 퍼즐 조각이랑 같은 건가?,,temp_playerCAT,,,,EventSetNextTutorial,
Stage03_009,Player,,(손끝이 스치자` 어렴풋이 기억이 번져온다)  ,,temp_playerCAT,,,,,
,Player,,옆에서 들리던 {YourCatName}의 작은 울음소리… ,TRUE,temp_playerCAT,,,,,
,Player,,…아… 이건… ,,temp_playerCAT,,,,,
,Player,,(눈꺼풀이 무거워지며` 기억 속으로 스르륵 빠져든다)  ,,temp_playerCAT,,,,,
,,,,,,,,,,
Recall3_001,Player,,하… 오늘 팀플 야작도 있었고 알바까지 하느라 몸이 천근만근이네.,,temp_playerHUMAN,,,,,
,Player,,샤워하고 침대에 엎어지고 싶다…,,temp_playerHUMAN,,,,EventSetNextTutorial,
Recall3_002,InnerThoughts,,발끝에 무언가 툭 부딪혔다.,,temp_playerHUMAN,,,,,변경 전:(발치에서 무언가 툭—) …응? 밥그릇?
,Player,,설마 아무도 밥 안 챙겨줬던 거야?,,temp_playerHUMAN,,,,,
,YourCat,,야옹~,,temp_playerCAT,,,,Choice_005,
Recall3_003,Player,TRUE,그래도 [밥은 줘야지.] 많이 배고팠지?,,temp_playerHUMAN,,,,,긍정적 선택지
,Player,TRUE,오늘 야근까지 했지만 너도 배고팠을 테니까.,,temp_playerHUMAN,,,,,
,Player,TRUE,기다렸지? 이제 밥 먹자.,,temp_playerHUMAN,,,,,
,YourCat,TRUE,야옹~,,temp_playerCAT,,,,EventRecall3_GoodChoice,
Recall3_004,Player,,하... 나도 오늘 너무 힘들었어.,,temp_playerHUMAN,,,,,부정적 선택지
,Player,,미안.. 내일 아침에 일어나자마자 꼭 챙겨줄게. 조금만 참아줘.,,temp_playerHUMAN,,,,,
,YourCat,,야옹…,,temp_playerCAT,,,,EventRecall3_BadChoice,
Recall3_005,Monolog,,힘들지만 밥도 잘 챙겨주고 그랬었는데... 그때는 좋은 주인이었나?,AUTO_DELAYED/FADE_OUT,,,,,,
Recall3_006,Monolog,,내가 밥이라도 잘 챙겨줘야 했는데... 그때 얼마나 배고팠을까…,AUTO_DELAYED/FADE_OUT,,,,,,
Recall3_007,InnerThoughts,,갑자기 졸음이 몰려오네…,,temp_playerHUMAN,,,,,Recall3_007 ~ 026까지 혼동 제거 필요 스크립트 수정 해야함
,InnerThoughts,,좀 쉬어야겠어.,,temp_playerHUMAN,,,,,
,InnerThoughts,,* 집 안을 조사한 이후에 소파나 침대에서 잠을 청할 수 있습니다.,TRUE,temp_playerHUMAN,,,,,고양이만 사라진 컷씬
Recall3_008,Player,,잠깐 쉴까?,,temp_playerHUMAN,,,,,
,InnerThoughts,,*잠에 들면 다시 이곳으로 돌아올 수 없습니다.,,temp_playerHUMAN,,,,Choice_Bed_001,사물 아무거나 하나 조사하여 조사 스크립트 다 보면 포탈이 생김
Recall3_009,InnerThoughts,,(침대에 눕는다.) 내일도 아침 일찍 일어나야 하는데… ,,temp_playerHUMAN,,,,,
,InnerThoughts,,멀리서 고양이의 우다다다 소리가 들린다.,,temp_playerHUMAN,,,,,
,InnerThoughts,,하… 저 에너지는 대체 어디서 나오는 거야?  ,,temp_playerHUMAN,,,,,
,InnerThoughts,,{YourCatName} 너는 좋겠다. 내일 출근 같은 건 없어서.  ,TRUE,temp_playerHUMAN,,,,EventSetNextTutorial,
Recall3_011,InnerThoughts,,요즘 자주 잊고 있었지… 밥 주는 것도.,,temp_playerHUMAN,,,,,
Recall3_012,InnerThoughts,,얼마 전에 구매한 스크래처다.,,temp_playerHUMAN,,,,,스크래처
,InnerThoughts,,{YourCatName}(이)가 소파 대신 여기서 발톱을 갈면 좋을텐데…,TRUE,temp_playerHUMAN,,,,,
Recall3_013,InnerThoughts,,{YourCatName}(이)가 잘 먹던 사료다.,TRUE,temp_playerHUMAN,,,,,고양이 사료
,InnerThoughts,,간식 더 사서 먹일 걸 그랬나…,,temp_playerHUMAN,,,,,
Recall3_015,InnerThoughts,,군데군데 상처 난 소파다.,,temp_playerHUMAN,,,,,소파
Recall3_016,InnerThoughts,,여름이 아니라서 에어컨이 틀어져 있지 않다.,,temp_playerHUMAN,,,,,에어컨
,InnerThoughts,,에어컨 한 번 청소해야 하는데…,,temp_playerHUMAN,,,,,
Recall3_017,InnerThoughts,,화분의 잎이 많이 자랐다.,,temp_playerHUMAN,,,,,화분
,InnerThoughts,,화분 옆 흙 위엔 고양이 발자국이 찍혀 있다.,,temp_playerHUMAN,,,,,
Recall3_018,InnerThoughts,,(호출 버튼을 눌러본다.),,temp_playerHUMAN,,,,,초인종
,InnerThoughts,,……,,temp_playerHUMAN,,,,,
,InnerThoughts,,... 이번에도 역시 작동하지 않는 것 같다.,,temp_playerHUMAN,,,,,
Recall3_019,InnerThoughts,,(문을 열어보려고 시도한다.),,temp_playerHUMAN,,,,,현관문
,InnerThoughts,,... 잠금장치 배터리가 다 된 건가?,,temp_playerHUMAN,,,,,
Recall3_020,InnerThoughts,,엄마와 내 신발이 가지런히 놓여 있다.,,temp_playerHUMAN,,,,,신발장
,InnerThoughts,,엄마는 지금 주무시고 계시겠지?,,temp_playerHUMAN,,,,,
Recall3_021,InnerThoughts,,{YourCatName}(이)가 이 자리를 좋아했던 것 같은데...,TRUE,temp_playerHUMAN,,,,,거실 책상
,InnerThoughts,,고양이 털이 많이 쌓여있다. 청소를 더 자주 했어야 했는데…,,temp_playerHUMAN,,,,,
Recall3_022,InnerThoughts,,거실에 있던 것과 똑같은 종류의 스크래처다.,,temp_playerHUMAN,,,,,스크래처
,InnerThoughts,,사용한 흔적이 있네… {YourCatName}(이)가 잘 사용했구나…,TRUE,temp_playerHUMAN,,,,,
Recall3_023,InnerThoughts,,고양이 밥 그릇과 물 그릇 받침대이다.,,temp_playerHUMAN,,,,,밥과 물그릇 받침대
,InnerThoughts,,밥 그릇이 없네… {YourCatName}(이)가 거실까지 끌고 갔나 보다.,TRUE,temp_playerHUMAN,,,,,
Recall3_024,InnerThoughts,,노트북이 파란 빛을 내며 켜져 있다.,,temp_playerHUMAN,,,,,노트북
,InnerThoughts,,…,,temp_playerHUMAN,,,,,
,InnerThoughts,,(최근 검색 기록을 본다),,temp_playerHUMAN,,,,,
,InnerThoughts,,‘고양이 예방접종 종류’` ‘고양이 병원 추천’` ‘기침하는 고양이’…,,temp_playerHUMAN,,,,,
,InnerThoughts,,(스크롤을 내린다),,temp_playerHUMAN,,,,,
,InnerThoughts,,“반려묘 예방접종` 꼭 필요한 이유는?”,,temp_playerHUMAN,,,,,
,InnerThoughts,,“고양이 감기 증상과 초기 대응법”,,temp_playerHUMAN,,,,,
,InnerThoughts,,그날 병원 다녀온 이후로 괜히 계속 걱정돼서 이것저것 찾아봤었지…,,temp_playerHUMAN,,,,,
,InnerThoughts,,{YourCatName}… 오늘 아침에는 좀 괜찮은 것 같던데.,TRUE,temp_playerHUMAN,,,,,
Recall3_025,InnerThoughts,,{YourCatName}(이)가 잘 가지고 놀던 장난감이다.,TRUE,temp_playerHUMAN,,,,,장난감
,InnerThoughts,,그러고 보니 최근에는 너무 바빠서 {YourCatName}(이)를 잘 못 놀아줬네…,TRUE,temp_playerHUMAN,,,,,
Recall3_026,InnerThoughts,,푹신해 보이는 내 침대다.,,temp_playerHUMAN,,,,,침대
,InnerThoughts,,… {YourCatName}(이)가 유독 내 옆에서 자는 걸 좋아했지….,TRUE,temp_playerHUMAN,,,,,
,,,,,,,,,,
Stage03_010,Player,,(몸을 일으킨다…) 아… 너무 배고파…!,SHAKE,temp_playerCAT,,,,,
,Player,,내가 힘들다는 핑계로… 자동 급식기라도 하나 사뒀으면\n{YourCatName} 밥을 굶기는 일은 없었을 텐데.,TRUE,temp_playerCAT,,,,,
,Player,,정작 지금은 내가 이렇게 굶주린 채 있네…   ,,temp_playerCAT,,,,,
,Player,,…어? 어디선가 냄새가 나는데?  ,,temp_playerCAT,,,,,
,Player,,[오른쪽]에서 고소한 냄새가 풍겨온다… 저쪽인가?,,temp_playerCAT,,,,EventSetNextTutorial,
Stage03_011,Player,,아… 냄새만 맡아도 침이 고인다…,,temp_playerCAT,,,,,포획틀 속 고양이 캔 조사+캔 먹는 1인칭 컷씬
,Player,,(앞쪽에 고양이 사료가 있다. 이 아파트에서\n몇몇 주민들이 챙겨주는 길고양이용 사료인 것 같다.),,temp_playerCAT,,,,,
,Player,,예전에 {YourCatName} 밥 챙기다가 호기심에\n사료를 몇 알 먹어본 적 있었지… 생각보다 괜찮았는데. ,TRUE,temp_playerCAT,,,,,
,Player,,…그래` 일단 몇 알만 먹어보자. ,,temp_playerCAT,,,,,
,Player,,(사료를 집어 와구와구 먹는다…) ,,temp_playerCAT,,,,,
,Player,,후우… 이제야 좀 배가 찼다…  ,,temp_playerCAT,,,,EventSetNextTutorial,
Stage03_012,Player,,으음… 따뜻하고… 포근하다…  ,,temp_playerCAT,,,,,
,Player,, 눈이… 저절로… ,,temp_playerCAT,,,,,
,Player,,(고개를 떨구며 스르륵 잠에 빠져든다),,temp_playerCAT,,,,EventSetNextTutorial,
,,,,,,,,,,
Stage04_001,Player,,윽… 머리야… 정신이 너무 몽롱해…,,temp_playerCAT,,,,,
,Player,,아까 먹은 사료 때문인가… 몸이 너무 무거워… ,,temp_playerCAT,,,,,
,Player,,그런데… 여긴 어디지…?  ,,temp_playerCAT,,,,,
,Player,,(주위를 둘러본다) …철장 안…?  \n…설마` 나 어디론가 잡혀 온 건가? ,,temp_playerCAT,,,,EventSetNextTutorial,
Stage04_002,InnerThoughts,,(환풍구 쪽으로 하얀 새가 들어와 무언갈 떨어트리고 다시 나간다),,temp_playerCAT,,,,EventSetNextTutorial,
Stage04_003,트럭 기사,,콜록! 콜록콜록!!,,TruckDriver,,,,,
,트럭 기사,,에휴` 고양이 털 때문에 코가 근질근질하네… 킁…  ,,TruckDriver,,,,,환풍구 쪽에서 하얀새가 나타나서 주인공의 철장 안에 하얀 퍼즐 조각 떨어뜨리고 감
,InnerThoughts,,(기사의 기침 소리가 귓가에 울리자` 희미한 기억이 겹쳐온다)  ,,temp_playerCAT,,,,,
,InnerThoughts,,…{YourCatName}을 두고 나눴던 대화가 스쳐간다…  ,TRUE,temp_playerCAT,,,,,
,InnerThoughts,,(고개를 떨구며 스르륵 과거 회상 속으로 빠져든다),,temp_playerCAT,,,,,
,,,,,,,,,,
Recall4_001,Player,,집에 왔는데... 엄마가 뭔가 심각해 보이시네.,,temp_playerHUMAN,,,,,
,엄마,,콜록… {PlayerName} 왔니? 여기 와서 앉아봐라.,TRUE,temp_mom,,,,EventSetNextTutorial,
Recall4_002,Player,,...응. 무슨 일 있어?,,temp_playerHUMAN,,,,,
,엄마,,너도 알겠지만` 엄마가 요새 고양이 알레르기가 생겼어.\n심한 편은 아니지만 조금 힘드네. 이번에 그냥 고양이를… 다른 곳에 보내는 건 어떠니?,,temp_mom,,,,,
,Player,,…뭐라고? 얘도 생명이고 우리 가족이잖아! 어떻게 버려…,,temp_playerHUMAN,,,,,긍정적 선택지
,엄마,,엄마도 버리고 싶은 마음은 없어. 근데 매일 기침하고 힘든 건 사실이잖니.,,temp_mom,,,,Choice_008,
Recall4_003,Player,,알았어` 그러면 내가 방법을 찾아볼게.,,temp_playerHUMAN,,,,,
,Player,,그리고 청소도 자주 해서 깨끗하게 할게. 엄마 힘들게는 안 할 테니까…,,temp_playerHUMAN,,,,,
,Player,,엄마는 고양이 털에 좀 더 민감한 편이니까 내가 열심히 관리해볼게.,,temp_playerHUMAN,,,,EventRecall4_Clean,
Recall4_004,Player,,왜 맨날 고양이 탓만 해? 그냥 귀찮아서 그러는 거 아니야?,,temp_playerHUMAN,Angry,,,,부정적 선택지
,Player,,나도 요즘 야근 때문에 죽을 만큼 힘들어!,,temp_playerHUMAN,Angry,,,,
Recall4_005,Monolog,,…그때는 진심으로 해내고 싶었어.\n하지만 결국... 며칠 지나지 않아 게을러졌지.,AUTO_DELAYED/FADE_OUT,,,,,,
Recall4_006,Monolog,,화만 내고 실제로는 아무것도 안 했어...\n엄마도 정말 불편하셨을 텐데.,AUTO_DELAYED/FADE_OUT,,,,,,
Recall4_007,Player,,(손에 먼지가 묻은 채) 다 치웠어. 이제 조금은 나아질 거야. ,,temp_playerHUMAN,,,,,
,엄마,,…그래` 네가 그렇게 말한다면 한 번 믿어볼게.,,temp_mom,,,,,
,엄마,,하지만 두 달 안에 상황이 나아지지 않으면... 그때는 정말 다른 방법을 생각해야 해,,temp_mom,,,,,
,Player,,이해해줘서 고마워 엄마! 정말 열심히 할게,,temp_playerHUMAN,,,,EventRecall4_GoodChoice,
Recall4_008,엄마,TRUE,너는 왜 그렇게 화부터 내니?,,temp_mom,Angry,,,,
,엄마,,지금… 엄마 마음을 전혀 이해 못 하고 있구나. 이건 핑계가 아니라 진짜 아픈 거야.,,temp_mom,,,,EventSetNextTutorial,
Recall4_022,Player,TRUE,...지금은 엄마랑 얘기하고싶지 않아..,,temp_playerHUMAN,,,,,
,엄마,,어휴…얘는 언제쯤이면 책임감을 가지게 될까…,,temp_mom,,,,EventRecall4_BadChoice,
Recall4_009,InnerThoughts,,…몸이 무겁다. 청소하다 보니 진이 다 빠졌네.,,temp_playerHUMAN,,,,,
,InnerThoughts,,* 집 안을 조사한 이후에 소파에서 잠을 청할 수 있습니다.,,temp_playerHUMAN,,,,,
Recall4_010,InnerThoughts,,…화내다보니 진이 다 빠졌네.,,temp_playerHUMAN,,,,,
,InnerThoughts,,* 집 안을 조사한 이후에 소파에서 잠을 청할 수 있습니다.,,temp_playerHUMAN,,,,,
Recall4_011,InnerThoughts,,(숨을 내쉬며) 그냥 잠깐 눈만 붙이자… 머리가 복잡해.,,temp_playerHUMAN,,,,,
,InnerThoughts,,*잠에 들면 다시 이곳으로 돌아올 수 없습니다.,,temp_playerHUMAN,,,,Choice_Bed_001,
Recall4_012,Player,,(침대에 눕는다.) 조금만 쉬자…,,temp_playerHUMAN,,,,,
,InnerThoughts,,{YourCatName}도 침대 위로 같이 올라와 자신만의 자리를 찾는다.,TRUE,temp_playerHUMAN,,,,,
,InnerThoughts,,(잔잔한 골골송이 배경음처럼 깔리자` 그대로 잠에 빠져든다…),TRUE,temp_playerHUMAN,,,,EventSetNextTutorial,
Recall4_013,InnerThoughts,,상처 난 소파 곳곳에 먼지와 고양이 털이 수북하다.,,temp_playerHUMAN,,,,,
,InnerThoughts,,이렇게 더러워져 있었구나... 엄마가 기침하실 만해.,,temp_playerHUMAN,,,,,
Recall4_Clean_001,InnerThoughts,,스크래처 주변에 먼지가 두텁게 쌓여 있다.,,temp_playerHUMAN,,,,,
,InnerThoughts,,청소를 얼마나 안 했으면 이 정도까지...,,temp_playerHUMAN,,,,,
Recall4_Clean_002,InnerThoughts,,스크래처 주변이 한결 깨끗해졌다. 긁는 소리도 가볍게 느껴진다.,,temp_playerHUMAN,,,,,
Recall4_Clean_003,InnerThoughts,,먼지가 사라져서 숨쉬기가 편하다.,,temp_playerHUMAN,,,,,
,InnerThoughts,,고양이가 쓰기에도 이젠 괜찮아 보인다.,,temp_playerHUMAN,,,,,
Recall4_Clean_004,InnerThoughts,,여름이 아니라서 에어컨이 틀어져 있지 않다.,,temp_playerHUMAN,,,,,
,InnerThoughts,,에어컨 뒤쪽에도 고양이 털이 잔뜩 있네.\n…청소를 이렇게까지 안 했었나…?,,temp_playerHUMAN,,,,,
Recall4_Clean_005,InnerThoughts,,에어컨 뒤에 붙어 있던 털을 다 치웠다. 이제 바람이 잘 통할 것이다.,,temp_playerHUMAN,,,,,
Recall4_Clean_006,InnerThoughts,,이제 에어컨 뒤쪽도 깨끗하다.,,temp_playerHUMAN,,,,,
,InnerThoughts,,다음 여름에는 덜 힘들 것 같다.,,temp_playerHUMAN,,,,,
Recall4_Clean_007,InnerThoughts,,신발장 위에도 먼지가 두껍게 쌓여 있다.,,temp_playerHUMAN,,,,,
Recall4_Clean_008,InnerThoughts,,신발장 위 먼지를 털어내니 한결 산뜻하다.,,temp_playerHUMAN,,,,,
Recall4_Clean_009,InnerThoughts,,먼지가 없어지니 집이 조금 환해진 느낌이다.,,temp_playerHUMAN,,,,,
,InnerThoughts,,이제 엄마가 문 열 때마다 기침하시진 않겠지?,,temp_playerHUMAN,,,,,
Recall4_014,InnerThoughts,,시들어 있는 식물이다.,,temp_playerHUMAN,,,,,
,InnerThoughts,,…며칠 전에 시들어 있는 식물 보고 엄마가 놀라셨지.,,temp_playerHUMAN,,,,,
Recall4_015,InnerThoughts,,노트북 화면엔 집사 커뮤니티 게시판이 열려 있다. 청소 팁부터 공기청정기 비교까지` 고양이 키우는 사람들 사이에서 자주 오가는 이야기들이다.,,temp_playerHUMAN,,,,,
,InnerThoughts,,검색창에는 ‘고양이 털 알레르기 해결법’이 남아 있다. 엄마가 최근에 찾아본 것 같다.,,temp_playerHUMAN,,,,,
,InnerThoughts,,…알레르기 문제는 엄마랑 다시 한 번 얘기해봐야겠어.,,temp_playerHUMAN,,,,,
Recall4_016,InnerThoughts,,깃털이 거의 다 빠져서 장난감 막대가 앙상하다.,,temp_playerHUMAN,,,,,
,InnerThoughts,,그래도 {YourCatName}는 여전히 이걸 붙잡고 노는 걸 좋아한다.,TRUE,temp_playerHUMAN,,,,,
Recall4_017,InnerThoughts,,사료가 절반 정도밖에 남지 않았다. 며칠 안에 새로 주문해야 할 것 같다.,,temp_playerHUMAN,,,,,
Recall4_018,InnerThoughts,,사료 부스러기가 주변 바닥에 흩어져 있다. 먹을 땐 정신없이 흡입하더니 흔적은 고스란히 남았다.,,temp_playerHUMAN,,,,,
,InnerThoughts,,물그릇에 물이 그대로 남아 있다. ,,temp_playerHUMAN,,,,,
,InnerThoughts,,거의 마시지 않은 것 같네. 요즘 자동 급수기 쓰면 물을 더 잘 마신다던데… 하나 장만해볼까.,,temp_playerHUMAN,,,,,
Recall4_019,InnerThoughts,,거실에 있는 것만큼은 아니지만` 이 스크래처도 제법 닳아 있다.,,temp_playerHUMAN,,,,,
Recall4_020,InnerThoughts,,(웅— 소리를 내며 작동하고 있다.),,temp_playerHUMAN,,,,,
,Player,,이제 공기도 조금은 맑아지겠지…엄마도 덜 힘드셨으면 좋겠다.,,temp_playerHUMAN,,,,,
Recall4_021,InnerThoughts,,방 청소 후 공기청정기를 설치하자,,temp_playerHUMAN,,,,EventRecall4_Clean,
Recall4_Good_001,InnerThoughts,,"엄마가 소파에 앉아 작은 기침을 하고 계신다.",,temp_playerHUMAN,,,,,
,Player,,엄마..괜찮아?,,temp_playerHUMAN,,,,,
,엄마,,응` 네가 청소해줘서 조금은 나아진 것 같아. 고마워.,,temp_mom,,,,,
,Player,,그래도 아직 불편하지..,,temp_playerHUMAN,,,,,
,엄마,,하루아침에 나아지지는 않겠지. 그래도 네가 노력하는 모습 보니까 기특해.,,temp_mom,,,,,
Recall4_Good_002,InnerThoughts,,엄마가 코를 훌쩍이고 계신다.,,temp_playerHUMAN,,,,,
,엄마,,정말 열심히 해줬구나. 엄마가 보기에도 많이 깨끗해졌어.,,temp_mom,,,,,
,Player,,엄마 증상은 언제쯤 괜찮아질까?,,temp_playerHUMAN,,,,,
,엄마,,글쎄... 공기청정기도 켜놨는데 털이 너무 많이 날려서. 한계가 있나봐.,,temp_mom,,,,,
,Player,,내가 자주 청소할게!,,temp_playerHUMAN,,,,,
,엄마,,아니야` 네가 매일 할 수도 없잖아. 현실적으로 생각해봐야지.,,temp_mom,,,,,
Recall4_Good_003,InnerThoughts,,엄마가 조금 피곤해 보이신다.,,temp_playerHUMAN,,,,,
,Player,,엄마` 코 많이 불편하지?,,temp_playerHUMAN,,,,,
,엄마,,솔직히... 아직도 좀 답답하네. 하지만 네가 노력하는 걸 보니까 견딜 만해,,temp_mom,,,,,
Recall4_Bad_001,InnerThoughts,,엄마가 소파에 앉아 한숨을 쉬고 계신다.,,temp_playerHUMAN,,,,,
,Player,,...엄마.,,temp_playerHUMAN,,,,,
,엄마,,뭐야? 또 화낼 거야?,,temp_mom,Angry,,,,
,Player,,아니야... 그냥...,,temp_playerHUMAN,,,,,
,엄마,,너도 이제 어른인데 언제까지 엄마한테만 의존할 거니?,,temp_mom,Angry,,,,
,InnerThoughts,,(엄마의 답답한 목소리가 마음을 아프게 한다...),,temp_playerHUMAN,,,,,
Recall4_Bad_002,InnerThoughts,,엄마가 혼자서 휴지로 코를 닦고 계신다.,,temp_playerHUMAN,,,,,
,엄마,,훌쩍... (코가 막힌 채로 한숨을 쉬신다),,temp_mom,,,,,
Recall4_Bad_003,InnerThoughts,,엄마가 지친 표정으로 앉아 계신다.,,temp_playerHUMAN,,,,,
,엄마,,엄마도 집에서 편하게 지내고 싶어.,,temp_mom,,,,,
,Player,,.....,,temp_playerHUMAN,,,,,
,엄마,,네가 생각해봐. 고양이 키운다고 할 때 뭐라고 했니?,,temp_mom,,,,,
,Player,,...다 내가 관리하겠다고 했어...,,temp_playerHUMAN,,,,,
,엄마,,그럼 그렇게 해. 엄마는 더 이상 털 때문에 불편하고 싶지 않아.,,temp_mom,,,,,
Stage04_004,InnerThoughts,,(눈을 깜빡거리며 깨어난다.),,temp_playerCAT,,,,,회상에서 나오자마자 바로 재생
,Player,,아까 그 꿈... 엄마가 알레르기 때문에 {YourCatName}를 보내자고 했던 때...,TRUE,temp_playerCAT,,,,,
,Player,,...그때 난 {YourCatName}을 책임지는 것을 회피했어...,TRUE,temp_playerCAT,,,,,
,Player,,엄마가 줬던 두 달도 결국...\n아무것도 안하고 시간을 보냈지... ,,temp_playerCAT,,,,,
,Player,,이번엔... 이번엔 정말 달라져야 해.,,temp_playerCAT,,,,EventSetNextTutorial,
Stage04_005,Player,,흠… 이 [철장 잠금장치]` 생각보다 헐거운 것 같은데?,,temp_playerCAT,,,,,
,Player,,달리는 트럭 안이라서 자세 잡기 힘들지만…,,temp_playerCAT,,,,,철장 탈출 후 트럭 내부 조사 가능
,Player,,[타이밍 잘 맞추면 풀 수 있을지도 몰라!],,temp_playerCAT,,,,,
Stage04_Cage_Success,Player,TRUE,(찰칵-) 드디어...!,,temp_playerCAT,,,,,
,Player,TRUE,철장 문이 열렸어. 이제 나갈 수 있어!,,temp_playerCAT,,,,,
,InnerThoughts,,주위를 둘러보니 철장과 철장안에 고양이들이 보인다.,,temp_playerCAT,,,,,
,Player,,이 철장... 보호소로 가는 트럭인가? 일정 기간 내에 입양되지 못하면 안락사될 수도 있다던데...,,temp_playerCAT,,,,,변경 전:여기는 길에 돌아다니는 유기동물을 잡아가는 곳인가..?
,Player,,안돼! 이러다간 집에서 더 멀어지게 생겼어!,,temp_playerCAT,,,,,
,Player,,이곳을 나갈 방법을 찾아봐야겠어.,,temp_playerCAT,,,,,
Stage04_Cage_Fail,Player,TRUE,이런... 트럭이 너무 흔들려..!,,temp_playerCAT,,,,,
,InnerThoughts,,(집중해서 다시 시도해보자.),,temp_playerCAT,,,,,
Stage04_006,InnerThoughts,,내가 들어가 있던 철장 속의 밥그릇이다.,,temp_playerCAT,,,,,철장 속 밥그릇
,InnerThoughts,,…오래 되었나? 냄새가 그렇게 좋지는 않네.,,temp_playerCAT,,,,,
Stage04_007,InnerThoughts,,노란색의 낡은 담요다.,,temp_playerCAT,,,,,담요
,InnerThoughts,,…이거 때문에 잡혔을 때 눈 앞이 어두워진 것 같네.,,temp_playerCAT,,,,,
Stage04_008,InnerThoughts,,여러 개의 상자가 아슬아슬하게 쌓여 있다.,,temp_playerCAT,,,,,쌓여있는 박스
,InnerThoughts,,맨 밑에 있는 상자는 몰라도 위에 있는 건\n[밀어서 넘어뜨릴 수 있을 것 같네.],,temp_playerCAT,,,,,
Stage04_009,InnerThoughts,,나 혼자는 여길 탈출하기 힘들겠어.,,temp_playerCAT,,,,,철장 속 다른 유기묘들
,InnerThoughts,,여기 있는 다른 고양이들... 혹시 도움을 받을 수 있을까?,,temp_playerCAT,,,,EventSetNextTutorial,
Stage04_010,InnerThoughts,,잠금이 걸려있는 다이얼이다.,,temp_playerCAT,,,,,잠겨 있는 트럭 문
,InnerThoughts,,이걸로 트럭 문을 열 수 있을 것 같다.,,temp_playerCAT,,,,,
,Player,,하지만 문을 연다고 해도` 달리는 차 안에서 뛰어내리는 건 위험해...,,temp_playerCAT,,,,,
,Player,,무슨 좋은 방법이 없을까?,,temp_playerCAT,,,,,
Stage04_011,Player,,위쪽 작은 창문을 통해 운전자의 시야가 같이 보인다.,,temp_playerCAT,,,,,트럭 기사
,Player,,운전자 시야 쪽으로 신호등이 같이 보인다.,,temp_playerCAT,,,,,
,Player,,빨간불일 때 트럭에서 탈출할 수 있으면 좋을 텐데... 신호가 걸릴 때 누군가 내게 알려준다면 여기서 나갈 수 있을 거야!,,temp_playerCAT,,,,EventSetNextTutorial,변경 전:빨간불일 때 트럭에서 탈출할 수 있으면 좋을 텐데... 신호가 걸릴 때 누군가 나한테  알려줄 수만 있다면...
Stage04_Generic_Wait,InnerThoughts,,아직 다른 고양이들과도 이야기해봐야 할 것 같아.,,temp_playerCAT,,,,,
Stage04_Generic_Persuaded,InnerThoughts,,모든 고양이들을 설득해야해!,,temp_playerCAT,,,,,
Stage04_Monologue_001,InnerThoughts,,트럭 문은 다이얼로 잠겨있고` 신호등에서 멈출 때가 기회...,,temp_playerCAT,,,,,
,InnerThoughts,,내 힘만으로는 이 트럭을 탈출할 수 없어... 저 아이들의 도움이 필요해.,,temp_playerCAT,,,,,
,Player,,이 아이들과 다시 한번 이야기해보자.,,temp_playerCAT,,,,,
Stage04_Ttoli_High_001,Player,,저기` 넌 이름이 뭐야? ,,temp_playerCAT,,,,,
,또리,,훌쩍... 넌 누구야? 나 집에 가야 하는데... 여긴 어디야? 너무 무서워...,,temp_Ttoli,,,,,
,Player,,난 {PlayerName}. 여긴... 나도 잘 모르겠어. 하지만 우리가 함께 있으면 괜찮을 거야.,TRUE,temp_playerCAT,,,,,
,또리,,나... 그냥 문 밖이 궁금해서 잠깐 나온 건데... 길을 잃어버렸어. 엄마가 항상 밖은 위험하다고 했는데... 엄마 말을 들을 걸...,,temp_Ttoli,,,,,
,Player,,호기심이 많았구나. 바깥이 궁금했던 거지?,,temp_playerCAT,,,,,
,또리,,응... 그런데 밖은 너무 무서웠어. 큰 소리도 나고` 무서운 것들도 많고... 집 가는 길도 모르겠고...,,temp_Ttoli,,,,,
,Player,,혼자서 정말 무서웠겠다. 가족들이 많이 걱정하시겠어.,,temp_playerCAT,,,,,
,또리,,엄마... 내가 없으면 엄마 많이 슬퍼할 텐데... 내가 바보같이...,,temp_Ttoli,,,,,
,Player,,...바보같은 게 아니야.,,temp_playerCAT,,,,,
,Player,,궁금한 건 당연한 거야. 누구나 실수는 해.,,temp_playerCAT,,,,,
,또리,,하지만...,,temp_Ttoli,,,,,
,Player,,중요한 건 포기하지 않는 거야. 여기서 나가서` 집으로 돌아가자!,,temp_playerCAT,,,,,
,또리,,...정말? 정말 엄마한테 다시 갈 수 있어?,,temp_Ttoli,,,,,
,Player,,물론이지. 여기서 나가면 네 가족을 찾을 수 있을 거야. 나도 그렇고.\n이 안에 있는 모두 길잃은 고양이로 남기를 원하지 않는걸!,,temp_playerCAT,,,,,변경 전:물론이야. 여기서 나가서 네 가족을 찾을 수 있을 거야. 나도... 더는 누구도 길을 잃게 만들고 싶지 않으니까.
,또리,,고마워...! 너 정말 좋은 애구나! 나도 도울 수 있는 거 다 할게! 같이 여기서 나가자!,,temp_Ttoli,,,,EventStage4_SetPersuadedTtoli,
Stage04_Ttoli_Low_Initial_001,Player,,저기` 넌 이름이 뭐야? ,,temp_playerCAT,,,,,
,또리,,난 또리... 여긴 모르겠어. 너무 춥고 무서워...,,temp_Ttoli,,,,,
,Player,,어쩌다 이런 곳에 오게 된 거야?,,temp_playerCAT,,,,,
,또리,,엄마 친구 아저씨가 문을 열어놨는데... 밖이 너무 궁금해서 살짝만 나가봤어. 그런데 길을 잃어버렸고... 무서운 것들이 쫓아왔어...,,temp_Ttoli,,,,,
,Player,,호기심 때문에 집을 나왔다고? 그러게 왜 함부로 나와서... 네 잘못이잖아.,,temp_playerCAT,,,,,
,또리,,...! 내... 내 잘못이야...?,SHAKE,temp_Ttoli,,,,,
,Player,,집고양이는 약해서 밖에선 못 버티는 거 몰랐어? 그냥 집에 있었어야지.,,temp_playerCAT,,,,,
,또리,,...너 나빠. 나도... 밖이 궁금했을 뿐인데... 너랑 말 안 할래.,,temp_Ttoli,,,,EventStage4_SetInteractedTtoli,
Stage04_Ttoli_Low_Choice_001,Player,,(아까 내가 너무 심하게 말했나...) 저기`또리야.,,temp_playerCAT,,,,,
,InnerThoughts,,또리의 불안한 마음에 공감하고 설득해보자.,,temp_Ttoli,,,,Choice_Persuade_Ttoli,
Stage04_Ttoli_Low_Success_001,InnerThoughts,,(작은 심장이 불안에 떨고 있다... 이 빠르고 가느다란 박동은 두려움 그 자체구나.),,temp_playerCAT,,,,,
,Player,,또리야` 아까는 정말 미안해. 네가 얼마나 무서웠을지 생각도 못 했어.,,temp_playerCAT,,,,,
,또리,,...훌쩍.,,temp_Ttoli,,,,,
,Player,,나도... 혼자가 되는 게 얼마나 무서운지 알아. 여기서 함께 나가자. 우리가 힘을 합치면 엄마를 찾을 수 있을 거야.,,temp_playerCAT,,,,,
,또리,,...정말이지? 이제 날 나쁘게 말 안 할 거지?,,temp_Ttoli,,,,,
,Player,,응` 약속할게.,,temp_playerCAT,,,,,
,또리,,...진짜 약속?,,temp_Ttoli,,,,,
,Player,,진짜 약속이야. 우리 같이 여기서 나가자.,,temp_playerCAT,,,,,
,또리,,(조심스럽게) ...알았어. 한 번만 더 믿어볼게.,,temp_Ttoli,,,,,
,또리,,나도... 열심히 도울게.,,temp_Ttoli,,,,EventStage4_SetPersuadedTtoli,
Stage04_Ttoli_Low_Fail_001,InnerThoughts,,(아직도 너무 무서워하고 있어... 내 말이 들리지 않나 봐. 좀 더 천천히 다가가야겠어.),,temp_playerCAT,,,,,
Stage04_Leo_High_001,Player,,(얼굴에 있는 흉터들이 눈에 띈다...) 많이 다쳤었나 봐. 괜찮아?,,temp_playerCAT,,,,,
,레오,,...뭐야? 쳐다보지 마.,,temp_Leo,,,,,
,Player,,난 {PlayerName}. 넌 어쩌다 여기에 잡혔어?,TRUE,temp_playerCAT,,,,,
,레오,,...버려졌어. 사납다고. 사냥 놀이를 제대로 못 해서 힘이 넘쳤던 것뿐인데... 그냥 무작정 할퀸다고 싫어했어.,,temp_Leo,,,,,
,Player,,그건... 그건 사나운 게 아니잖아. 그냥 고양이들이 노는 방식인데...,,temp_playerCAT,,,,,
,레오,,...!,,temp_Leo,,,,,
,Player,,그들이 너를 이해하려고 하지 않았던 거야. 네 잘못이 아니라고.,,temp_playerCAT,,,,,
,레오,,...그런 말을 해준 건... 네가 처음이야. 버린 놈들도` 날 잡으려던 놈들도` 다들 날 문제 고양이라고만 했어.,,temp_Leo,,,,,
,Player,,넌 그저... 고양이답게 행동했을 뿐이야. 얼굴의 상처들... 정말 힘들었겠다.,,temp_playerCAT,,,,,
,Player,,우리 같이 여기서 나가자. 밖에는 더 나은 세상이 있어. 네가 잘못된 게 아니라는 걸` 네 방식이 틀리지 않았다는 걸 보여줘야지.,,temp_playerCAT,,,,,
,레오,,...,,temp_Leo,,,,,
,레오,,(잠시 침묵),,temp_Leo,,,,,
,레오,,...너` 진심으로 하는 말이지?,,temp_Leo,,,,,
,Player,,응. 진심이야.,,temp_playerCAT,,,,,
,레오,,...흥. 이상한 놈이네. 하지만... 마음에 드는군.,,temp_Leo,,,,EventStage4_SetPersuadedLeo,레오 설득 성공
,레오,,좋아. 나도 약한 놈들 챙기는 건 익숙해. 도움이 필요하면 말해.,,temp_Leo,,,,,
Stage04_Leo_Low_Initial_001,Player,,저기` 넌 왜 잡혔어?,,temp_playerCAT,,,,,책임 지수 3 미만 분기
,레오,,...사납다고 버려졌는데` 또 잡혔다. 재수 없게.,,temp_Leo,,,,,
,Player,,사납다고? 사람을 할퀴거나 물었던 거야?,,temp_playerCAT,,,,,
,레오,,그건 노는 거였어! 난 그냥...,,temp_Leo,,,,,
,Player,,그래도 그렇지. 같이 사는 가족인데 물면 어떡해. 네가 자제했어야지.,,temp_playerCAT,,,,,
,레오,,...너도 그들처럼 말하는구나. 내 잘못이라고.,,temp_Leo,,,,,
,Player,,길 고양이 생활이 익숙해서 그런가?,,temp_playerCAT,,,,,
,레오,,...더 할 말 없다. 가봐.,,temp_Leo,,,,EventStage4_SetInteractedLeo,레오가 상처받고 대화를 거부한다.
Stage04_Leo_Low_Choice_001,Player,,(내가 또 상처를 줬나...) 저기` 레오.,,temp_playerCAT,,,,,4마리 모두와 상호작용 후
,InnerThoughts,,레오의 억울한 마음에 공감하고 설득해보자.,,temp_Leo,,,,Choice_Persuade_Leo,[선택지] 예 / 아니오
Stage04_Leo_Low_Success_001,InnerThoughts,,(이 강하고 거친 박동... 분노가 아니라 억울함의 울부짖음이었어.),,temp_playerCAT,,,,,미니게임 성공 후
,Player,,레오` 아까 내가 완전히 틀렸어. 널 그렇게 판단할 자격이 없었어.,,temp_playerCAT,,,,,
,레오,,...이제 와서 뭘.,,temp_Leo,,,,,
,Player,,넌 그저 신나게 놀고 싶었을 뿐인데... 아무도 네 마음을 이해하려 하지 않았구나. 정말 억울했겠다.,,temp_playerCAT,,,,,
,레오,,...,,temp_Leo,,,,,
,Player,,얼굴의 상처들... 이건 네가 버텨온 증거잖아. 네가 약하지 않았다는 증거야.,,temp_playerCAT,,,,,
,레오,, ...그래. 이 상처는... 내가 포기하지 않았다는 증거야.,,temp_Leo,,,,,
,Player,,너의 방식을 존중할게. 너의 그 용기와 힘으로 여기거 나가보자. ,,temp_playerCAT,,,,,
,Player,,밖에는 너를 이해해줄 더 좋은 곳이 있을거야.,,temp_playerCAT,,,,,
,레오,,...,,temp_Leo,,,,,레오 설득 성공
,레오,,(고개를 돌렸다가 다시 이쪽을 본다),,temp_Leo,,,,,
,레오,,...흥. 이제야 말이 좀 통하는군.,,temp_Leo,,,,,
,레오,,좋아. 널 돕지. 내 힘이 필요하면 언제든 말해.,,temp_Leo,,,,EventStage4_SetPersuadedLeo,
Stage04_Leo_Low_Fail_001,Player,,(분노의 벽이 너무 단단해... 아직은 내 진심을 받아들일 준비가 안 된 것 같아.),,temp_playerCAT,,,,,미니게임 실패 후
Stage04_Bogsil_High_001,Player,,안녕? 난 {PlayerName}(이)야.,TRUE,temp_playerCAT,,,,,책임 지수 3 이상 분기
,복실이,,...난 복실이야. 내 유일한 친구를 찾아야 하는데... 그 친구를 찾다가 여기까지 와버렸어.,,temp_Bogsil,,,,,
,Player,,친구?,,temp_playerCAT,,,,,
,복실이,,날 주워준 인간 아이야. 아기 고양이였던 나를 초등학생 소년이 주워서... 며칠 동안 몰래 키워줬어. 따뜻한 밥도 주고` 이불도 깔아주고... 처음으로 따뜻함을 느꼈어.,,temp_Bogsil,,,,,
,Player,,그런데 어쩌다...?,,temp_playerCAT,,,,,
,복실이,,소년의 어머니에게 들켰어. 그리고... 쫓겨났지. 그 후로 계속 그 아이를 찾아다녔어. 5년째... 아직도 그 골목` 그 집 근처를 맴돌고 있었어.,,temp_Bogsil,,,,,
,Player,,정말... 정말 소중한 친구구나. 그 아이도 분명 너를 애타게 찾고 있을 거야.,,temp_playerCAT,,,,,
,복실이,, ...정말 그렇게 생각해? 나 같은 길고양이를...?,,temp_Bogsil,,,,,
,Player,,물론이지. 그런 깊은 유대는 쉽게 끊어지지 않아. 그 아이도... 매일 너를 기다리고 있을 거야.,,temp_playerCAT,,,,,
,복실이,,...,,temp_Bogsil,,,,,
,Player,,여기서 나가면` 너의 소중한 친구를 다시 만날 수 있을거야. 5년을 기다렸으면.. 이제 행복한 재회가 기다리고 있을거야!,,temp_playerCAT,,,,,
,복실이,,...고마워! 그 말을 믿을게! 나도 할 수 있는 건 다 할게! 내가 탈출을 도울게!,,temp_Bogsil,,,,EventStage4_SetPersuadedBogsil,복실이 설득 성공
Stage04_Bogsil_Low_Initial_001,Player,,안녕` 난 {PlayerName}. 넌 이름이 뭐야?,TRUE,temp_playerCAT,,,,,책임 지수 3 미만 분기
,복실이,,복실이. 내 친구를 찾아야 하는데...,,temp_Bogsil,,,,,
,Player,,친구?,,temp_playerCAT,,,,,
,복실이,,날 몰래 키워주던 인간 아이야... 어머니께 들켜서 쫓겨났어. 그래도 난 5년째 그 아이를 찾고 있어.,,temp_Bogsil,,,,,
,Player,,5년이나? 그거 참... 오래됐네.,,temp_playerCAT,,,,,
,복실이,,그래도 나는 포기 안 해! 그 아이는 분명 날 기억하고 있을 거야!,,temp_Bogsil,,,,,
,Player,,하지만 5년이면... 그 아이도 이제 많이 변했을 텐데. 초등학생이었으면 지금쯤 고등학생이겠네.,,temp_playerCAT,,,,,
,Player,,그 정도 시간이면... 기억도 흐릿해지지 않았을까?,,temp_playerCAT,,,,,
,복실이,,...너 참 못된 아이구나. 너랑은 말 섞고 싶지 않아.,,temp_Bogsil,,,,EventStage4_SetInteractedBogsil,복실이가 상처받고 대화를 거부한다.
Stage04_Bogsil_Low_Choice_001,Player,,(그 아이와의 추억이 전부였을 텐데` 내가 너무 차갑게 말했어...) 복실아.,,temp_playerCAT,,,,,4마리 모두와 상호작용 후
,InnerThoughts,,복실이의 그리운 마음에 공감하고 설득해보자.,,temp_Bogsil,,,,Choice_Persuade_Bogsil,[선택지] 예 / 아니오
Stage04_Bogsil_Low_Success_001,InnerThoughts,,(이 느리고 깊은 박동... 5년 동안의 그리움이 모두 담겨 있구나.),,temp_playerCAT,,,,,미니게임 성공 후
,Player,,복실아` 미안해. 내가 너의 소중한 마음을 함부로 판단했어.,,temp_playerCAT,,,,,
,복실이,,...,,temp_Bogsil,,,,,
,Player,,그 아이와 함께한 며칠... 너에겐 세상 전부였을 텐데. 따뜻한 밥` 부드러운 이불` 그 아이의 손길... 그 모든 게 너에게는 처음이었겠지.,,temp_playerCAT,,,,,
,복실이,,...맞아. 그게... 내 인생에서 가장 행복한 순간이었어.,,temp_Bogsil,,,,,
,Player,,5년을 기다렸다는 건... 정말 대단한거야. 그 소중한 기억.. 여길 나가서 그 친구를 꼭 다시 찾아보는 거야!,,temp_playerCAT,,,,,
,복실이,,...내 마음을...알아주는 거야?,,temp_Bogsil,,,,,
,Player,,응. 늦었지만` 이제 알 것 같아. 그리고... 그 아이도 분명 널 기억하고 있을 거야.,,temp_playerCAT,,,,,
,복실이,,...정말 그렇게 생각해?,,temp_Bogsil,,,,,복실이 설득 성공
,Player,,5년을 기다린 너의 마음처럼` 그 아이도 널 잊지 않았을 거야.,,temp_playerCAT,,,,,
,복실이,,...고마워. (조용히 고개를 끄덕인다),,temp_Bogsil,,,,,
,복실이,,너라면... 같이 가도 되겠어. 탈출하는 거 도와줄게.,,temp_Bogsil,,,,EventStage4_SetPersuadedBogsil,
Stage04_Bogsil_Low_Fail_001,InnerThoughts,,(그리움에 너무 사로잡혀 있어... 다른 목소리는 들리지 않는 것 같아.),,temp_playerCAT,,,,,미니게임 실패 후
Stage04_Miya_High_001,InnerThoughts,,(털은 군데군데 빠져 있고` 심하게 엉켜 있다. 복부는 앙상하게 말라 상처 입은 듯 헐어 보인다.),,temp_playerCAT,,,,,변경 전:(털이 곳곳에서 빠져있고` 많이 엉켜있다... 배 쪽은... 너무 마르고 헐어 보인다.)
,미야,,...왜 날 쳐다보는 거야?,,temp_Miya,,,,,
,Player,,그냥... 괜찮은지 궁금해서.,,temp_playerCAT,,,,,
,미야,,...,,temp_Miya,,,,,
,Player,,나는 {PlayerName}(이)야. 네 이야기를 들려줄 수 있을까? 물론` 말하고 싶지 않으면 안 해도 돼.,TRUE,temp_playerCAT,,,,,
,미야,,난 미야... 작은 방에 오래 있었어.,,temp_Miya,,,,,
,Player,,...작은 방에?,,temp_playerCAT,,,,,
,미야,,빌라... 좁은 방에 갇혀서... 물도.... 밥도... 없었어.,,temp_Miya,,,,,
,Player,,...혼자였던거야?,,temp_playerCAT,,,,,
,미야,,아니... 친구가 있었어. 하지만 친구는... 먼저 갔어. 난... 혼자 남았어.,,temp_Miya,,,,,
,Player,,....얼마나 무섭고 외로웠을까...,,temp_playerCAT,,,,,
,미야,,...익숙해. 이제는... 아무것도... 기대 안 해.,,temp_Miya,,,,,
,Player,,아니` 익숙해져선 안 되는 거였어. 미야. 여기서 나가자. 밖에는 따뜻한 햇볕이 기다리고 있어. 더 이상 어둡고 차가운 곳에 있지 않아도 돼.,,temp_playerCAT,,,,,
,미야,,...네 말을 믿어도 될까..?,,temp_Miya,,,,,
,Player,,응 약속해!,,temp_playerCAT,,,,,
,미야,,...알았어. 한 번만 더 믿어볼게..,,temp_Miya,,,,EventStage4_SetPersuadedMiya,미야 설득 성공
Stage04_Miya_Low_Initial_001,Player,,(상태가 너무 안 좋아 보인다.) 그.. 너 괜찮은거야?,,temp_playerCAT,,,,,책임 지수 3 미만 분기
,미야,,...가까이 오지 마.,,temp_Miya,,,,,
,Player,,나는 {PlayerName}(이)야. 털이 많이 엉켜보이는데 아프진 않아..?,TRUE,temp_playerCAT,,,,,
,미야,,...,,temp_Miya,,,,,
,Player,,어디 아픈 데는 없어? 어떻게 이렇게 된거야?,TRUE,temp_playerCAT,,,,,
,미야,,빌라.... 좁은 방... 오래.... 갇혀있었어.,,temp_Miya,,,,,
,Player,,빌라? 너 혼자였어?,,temp_playerCAT,,,,,
,미야,,친구가... 있었어.... 근데 그 친구는.. 먼저 갔어... 물도 밥도 없었거든...,,temp_Miya,,,,,
,Player,,...그건 정말 힘들었겠다.,,temp_playerCAT,,,,,
,Player,,하지만 이제 구조됐으니까... 앞으로는 괜찮아질 거야.,,temp_playerCAT,,,,,
,미야,,...다 똑같아. 걱정하는 척` 위로하는 말들. 아무도 그때의 나를 모르면서.,,temp_Miya,,,,,
,Player,,알아. 괜찮아질 거라는 말이 지금은 아무 의미 없다는 거.,,temp_playerCAT,,,,,
,Player,,하지만... 그래도 살아있잖아. 그것도 대단한 거 아니야?,,temp_playerCAT,,,,,
,미야,,...그만 가줘.,,temp_Miya,,,,EventStage4_SetInteractedMiya,미야가 마음의 문을 닫는다.
Stage04_Miya_Low_Choice_001,Player,,(저 아이는 모든 걸 포기한 상태인데... 내가 너무 다그치기만 했구나.) 미야.,,temp_playerCAT,,,,,4마리 모두와 상호작용 후
,InnerThoughts,,미야의 상처받은 마음에 공감하고 설득해보자.,,temp_Miya,,,,Choice_Persuade_Miya,[선택지] 예 / 아니오
Stage04_Miya_Low_Success_001,InnerThoughts,,(이 희미하고 불규칙한 박동... 살아있는 것조차 힘겨워하고 있어...),,temp_playerCAT,,,,,미니게임 성공 후
,Player,,미야` 내가 경솔했어. 미안해.,,temp_playerCAT,,,,,
,Player,,작은 방에서... 친구가 떠나는 걸 지켜봐야 했구나. 혼자서... 얼마나 오래... 그게 얼마나 무서웠을지...,,temp_playerCAT,,,,,
,미야,,...넌... 아는구나...,,temp_Miya,,,,,
,Player,,아무것도 하지 않아도 괜찮아. 억지로 괜찮을 필요 없어. 하지만... 여기서 나가면 더 나은 세상이 있어. 따뜻란 햇볕과 부드러운 바람이 기다리고 있어! 우리 앞으로 천천히 나아가자.,,temp_playerCAT,,,,,
,Player,,여기서 나가서` 따뜻한 햇볕을 보자. 내가 부축해줄게. 천천히` 아주 천천히 가자. 네 속도에 맞춰서.,,temp_playerCAT,,,,,
,미야,,...정말... 그런 곳이 있어?,,temp_Miya,,,,,
,Player,,응. 이제는 더 나은 곳으로 갈 수 있어.,,temp_playerCAT,,,,,
,미야,,...너의 그 마음... 이번에는 믿어볼게.,,temp_Miya,,,,EventStage4_SetPersuadedMiya,미야 설득 성공
Stage04_Miya_Low_Fail_001,InnerThoughts,,(마음의 문을 완전히 닫아버렸어... 모든 희망을 포기한 상태인가 봐.),,temp_playerCAT,,,,,미니게임 실패 후
Stage04_012,Player,,이 아이들이 나에게 마음의 문을 열어준 것 같아,,temp_playerCAT,,,,,
,Player,,모두의 잠금을 풀어주고 탈출 계획을 설명해주자,,temp_playerCAT,,,,,
Stage04_013,Player,,(트럭 뒤쪽을 살핀다) 저 문으로 나갈 수 있을 것 같은데...,,temp_playerCAT,,,,,
,Player,,문제는 트럭이 아직 달리고 있다는 거야.,,temp_playerCAT,,,,,
,Player,,달리는 중에 문을 열면 운전기사가 바로 알아챌 거야.,,temp_playerCAT,,,,,
,Player,,신호등에서 멈출 때를 노려야 해. 빨간불일 때라면...,,temp_playerCAT,,,,,
,Player,,운전기사가 앞만 보고 있을 테니 뒤쪽 문을 열어도 모를 거야.,,temp_playerCAT,,,,,
,Player,,또리` 네가 위쪽으로 올라가서 운전석 쪽 신호등을 봐줄 수 있어?,,temp_playerCAT,,,,,
,Player,,빨간불이 되면 내가 재빨리 잠금장치를 풀게.,,temp_playerCAT,,,,,
,또리,,응! 내가 위에 올라가서 잘 볼게! 빨간불 되면 바로 알려줄게!,,temp_Ttoli,,,,,
,Player,,그리고 레오는 잠금이 풀리는 순간 있는 힘껏 문을 밀어야 해. 할 수 있지?,,temp_playerCAT,,,,,
,레오,,흥... 힘쓰는 건 자신 있다고.,,temp_Leo,,,,,
,Player,,완벽해! 문이 열리면 우리 고양이들은 재빠르니까 금방 뛰어내릴 수 있을 거야!,,temp_playerCAT,,,,,
,Player,,모두 준비됐지? 우린 할 수 있어!,,temp_playerCAT,,,,EventSetNextTutorial,
Stage04_014,또리,,좋아! 이제 준비 끝났어!,,temp_Ttoli,,,,EventSetNextTutorial,
Stage04_015,레오,,으럇차...! 다들 뛰어내려!,,temp_Leo,,,,EventSetNextTutorial,
Stage04_016,Player,,좋아. 또리까지 다들 무사히 탈출한 것 같아!,,temp_playerCAT,,,,,
,Player,,트럭이 출발하기 전에 나도 빨리 뛰어야겠어!!,,temp_playerCAT,,,,EventSetNextTutorial,
,,,,,,,,,,
Stage05_001,Player,TRUE,휴... 겨우 빠져나왔다!,,temp_playerCAT,,,,,
,Player,TRUE,또리! 레오! 다들 괜찮아?,,temp_playerCAT,,,,,
,Player,TRUE,(주위를 둘러본다) ...어? 다들 어디 간 거야?,,temp_playerCAT,,,,,
,Player,TRUE,윽! (다리를 절뚝인다) 다리가... 잘 안 움직여져... \n트럭이 갑자기 출발하는 바람에 착지를 제대로 못했나 봐...,,temp_playerCAT,,,,,
,Player,TRUE,다른 애들은 먼저 뛰어내려서 어디론가 도망갔나...,,temp_playerCAT,,,,,
,Player,TRUE,여기가 어딘지도 모르겠고... 어떻게 다시 만날 수 있을까...,,temp_playerCAT,,,,,
,Player,TRUE,이번에도 난 혼자구나... 여기에서 어떻게 돌아가지...?,,temp_playerCAT,,,,EventSetNextTutorial,하얀 새가 날아가며 퍼즐 조각을 건너편 인도에 떨어뜨리고 감.
Stage05_002,Player,,하얀 새가…대체 어디까지 날아가는 거야…?!,,temp_playerCAT,,,,,
,Player,,저기까지 가라고…? 하긴 지금 여긴 도로 한복판이라서 위험하네.,,temp_playerCAT,,,,,
,Player,,윽…아까 다리를 다쳐서 그런지 빠르게는 못 움직이겠어. 점프도 힘들고…,,temp_playerCAT,,,,,
,Player,,차들이 이렇게 빨리 지나가는구나... 한 번 잘못 뛰면 끝이야.\n사람일 때는 몰랐던 이 무력감... {YourCatName}도 이런 기분이었을까?,TRUE,temp_playerCAT,,,,EventSetNextTutorial,
Stage05_003,Player,,아` 안 돼…!! 여기서…끝낼 수는…없어…,,temp_playerCAT,,,,,하트가 0으로 다 닳았을 경우
Stage05_004,Player,,헉` 헉… 드디어 무사히 도착했다...,,temp_playerCAT,,,,,안전구역에 도착 후 퍼즐 조각 조사
,Player,,어쩌면… 이번 퍼즐 조각이 [마지막]일지도 모르겠어.\n얼른 조사해보자.,,temp_playerCAT,,,,,
,,,,,,,,,,
Recall5_001,Player,,하... 출장까지 다녀오니 정말 녹초가 되네. 어서 집에 가서 눕고 싶다...,,temp_playerHUMAN,,,,,
,Player,,...응? 저기 길가에 저건... 뭐지?,,temp_playerHUMAN,,,,EventSetNextTutorial,
Recall5_002,Player,,(가까이 다가간다) 잠깐... 고양이잖아? 세상에` 왜 이런 위험한 곳에 쓰러져 있는거야?!,,temp_playerHUMAN,,,,Choice_009,조사 개수 2개 다 채우면 자동차 밖으로 나가게 됨.
Recall5_003,Player,TRUE,꼴이 말이 아니네. 털은 다 엉켰고` \n여기저기 상처투성이야... \n얼마나 아프고 무서웠을까.,,temp_playerHUMAN,,,,,긍정적 선택지
,Player,TRUE,안되겠다. 피곤해도 이건 그냥 못 지나가. \n그래` 결심했어. 우선 가까운 동물병원부터 찾아보자.,,temp_playerHUMAN,,,,,
,YourCat,,…야옹,,Kitty,,,,EventRecall5_GoodChoice,
Recall5_004,Player,TRUE, ...다친 건가. 어떡하지... 하지만 나도 오늘 너무 지쳐서... \n괜히 섣불리 건드렸다가 일이 커질 수도 있고...,,temp_playerHUMAN,,,,,부정적 선택지
,Player,TRUE,...모르겠다. 나 하나쯤 없어도... 누군가 발견해서 도와주겠지. \n일단은... 너무 피곤하다. 어서 집에 가자.,,temp_playerHUMAN,,,,,
,YourCat,TRUE,…,,Kitty,,,,,
,YourCat,,…야옹,,Kitty,,,,EventRecall5_BadChoice,
Recall5_005,Monolog,,모든 게… 내가 {YourCatName}과 함께했던 기억들이었구나.\n그리고 이곳이… 우리가 처음 만났던 그 자리라니.\n그때의 난 서툴렀지만… 그래도 너와 함께한 시간만큼은 진심이었어.,TRUE/AUTO_DELAYED/FADE_OUT,,,,,,
Recall5_006,Monolog,,나는 {YourCatName}을 데려왔지만… 끝내 책임지지 못했어.\n이렇게 쓰러져 있는 이곳이… 너를 처음 발견했던 자리라니.\n결국 나는… 같은 자리에서 끝을 맞이하는구나.,TRUE/AUTO_DELAYED/FADE_OUT,,,,,,
,,,,,,,,,,
HappyEnding_001,InnerThoughts,,(밖에서 새가 지저귀는 소리가 들린다.),,temp_playerHUMAN,,birdChirps,HappyEnding_1,,해피 엔딩+퍼즐이 완성되고 주인공이 인간의 모습으로 돌아오게 됨+침대에서 눈을 뜨며
,Player,,아...눈부셔... 여긴... 내 침대잖아?,,temp_playerHUMAN,,,HappyEnding_2,EventSetNextTutorial,
HappyEnding_002,Player,,인간의 몸으로...원래 내 몸으로 돌아왔어…!!,,temp_playerHUMAN,,,,,
,Player,,그동안의 꿈들은…과거의 내 기억들이었어.,,temp_playerHUMAN,,,,,
,Player,,내가 조금이라도 제대로 알았다면…,,temp_playerHUMAN,,,,,
,Player,,{YourCatName}(이)가 무엇을 원하고`\n어떻게 같이 살아야 하는지를 알았다면…,TRUE,temp_playerHUMAN,,,,,
,Player,,이렇게 후회로 남진 않았을 텐데...,TRUE,temp_playerHUMAN,,,,,
,Player,,{YourCatName}(이)는 아직 뒷골목 근처에 있을까...?,TRUE,temp_playerHUMAN,,,,,
,Player,,얼른 데려와야만 해! {YourCatName}에게 해줘야 할 게 많이 생겼단 말이야!,TRUE,temp_playerHUMAN,,,,EventSetNextTutorial,문과 상호작용 후 밖으로 나가서 뒷골목에 도착
HappyEnding_003,Player,TRUE,{YourCatName}!!,TRUE,temp_playerHUMAN,,,,EventSetNextTutorial,
HappyEnding_004,Player,TRUE,{YourCatName}아/야 어디있니!! 내가…정말 미안했어!!,TRUE,temp_playerHUMAN,,,,EventSetNextTutorial,
HappyEnding_005,Player,TRUE,제발 내게 돌아와 주면 안 될까..?,,temp_playerHUMAN,,,,EventSetNextTutorial,
HappyEnding_006,Player,TRUE,{YourCatName}아/야..!!,TRUE,temp_playerHUMAN,,,,EventSetNextTutorial,
HappyEnding_007,YourCat,TRUE,야옹…!,AUTO_DELAYED,temp_playerCAT,,catMeow,,EventSetNextTutorial,
HappyEnding_008,Player,,...!! {YourCatName}(이)의 울음소리가 오른쪽에서 들렸어!\n저쪽으로 빨리 가자!,TRUE,temp_playerHUMAN,,,,EventSetNextTutorial,
HappyEnding_009,Player,TRUE,{YourCatName}아/야…!! 다행히 여기에 있었구나…!!,TRUE,temp_playerHUMAN,,,,,
,Player,TRUE,아…! 정말 다행이야…! 이제 우리 집으로 돌아가자!,,temp_playerHUMAN,,,,EventSetNextTutorial,
HappyEnding_010,Monolog,,그 날` 나는 {YourCatName}을/를 데려와 돌보기 시작했다.,TRUE/AUTO_DELAYED,temp_playerHUMAN,,,,,
,Monolog,,그리고 트럭에서 만난 고양이들이 떠올라\n 작은 도움이라도 해보기로 했다.,AUTO_DELAYED,temp_playerHUMAN,,,,EventSetNextTutorial,
HappyEnding_011,Player,,오늘은…이 보호센터에 봉사 신청을 했지.\n얼른 들어가자!,,temp_playerHUMAN,,,,EventSetNextTutorial,집으로 함께 돌아간 후 보호센터 앞에 선 주인공 컷씬
HappyEnding_012,Player,,오늘 할 일은…화장실 치워주고 밥 주기구나.,,temp_playerHUMAN,,,,,
,Player,,먼저 화장실부터 치워보자!\n고양이 화장실을 오른쪽에 있네.,,temp_playerHUMAN,,,,EventSetNextTutorial,
HappyEnding_013,Player,,읏챠…! 보호소에 유기묘가 많아서 그런지 양도 어마어마하네…,,temp_playerHUMAN,,,,,화장실 상호작용
,Player,,이제 밥 주기만 남았네! 먼저 사료 포대부터 챙기자.,,temp_playerHUMAN,,,,EventSetNextTutorial,
HappyEnding_014,Player,,대용량 사료 포대라서 그런지 우리집에 있는 것보다 엄청 크네...,,temp_playerHUMAN,,,,EventSetNextTutorial,
HappyEnding_015,Player,,고양이들이 맛있게 잘 먹었으면 좋겠네…,,temp_playerHUMAN,,,,,밥 상호작용
,Player,,얘들아` 맛있게 많이 먹어라!,,temp_playerHUMAN,,,,EventSetNextTutorial,
HappyEnding_016,Player,TRUE,유기묘들이 행복해하는 모습을 보니까...나도 같이 행복해지네!,,temp_playerHUMAN,,,,EventSetNextTutorial,
HappyEnding_017,Monolog,,고양이의 작은 습성 하나조차 몰랐던 나였지만…\n이제는 귀 기울이고` 지켜내며` 끝까지 사랑할 거야.,AUTO_DELAYED/FADE_OUT,temp_playerHUMAN,,,,EventSetNextTutorial,
,,,,,,,,,,
BadEnding_001,Player,,말도 안 돼… 또 이 골목?,,temp_playerCAT,,,,,화이트 아웃 발생 후 그대로 고양이의 모습인 주인공.
,Player,,분명… 돌아왔을 거라 생각했는데…\n왜 다시 고양이야… 왜…,,temp_playerCAT,,,,,
,Player,,…하. 결국… 변한 건 없구나.\n앞으로… 어디로 가야 하지…,,temp_playerCAT,,,,EventSetNextTutorial,
BadEnding_002,Player,TRUE,언제까지…계속 고양이의 몸으로 살아야 하는 걸까…,AUTO_DELAYED,temp_playerCAT,,,,EventSetNextTutorial,조금씩 이동할 때마다 나오는 반성 독백
BadEnding_003,Player,TRUE,어쩌면…나는 계속 이렇게…,AUTO_DELAYED,temp_playerCAT,,,,EventSetNextTutorial,
BadEnding_004,Player,TRUE,…{YourCatName}은/는 지금 어디에 있을까…,TRUE/AUTO_DELAYED,temp_playerCAT,,,,EventSetNextTutorial,
BadEnding_005,Player,TRUE,이상한 곳에 잡힌 거는 아니겠지…?,AUTO_DELAYED,temp_playerCAT,,,,EventSetNextTutorial,
BadEnding_006,Player,TRUE,…나는 결국 집에도 못 돌아가겠구나.,AUTO_DELAYED,temp_playerCAT,,,,EventSetNextTutorial,
BadEnding_007,Player,TRUE,어디로 가야 하는 것일까…,AUTO_DELAYED,temp_playerCAT,,,,EventSetNextTutorial,
BadEnding_008,Player,TRUE,버려진 고양이들도 나처럼 떠돌고 있었을까…,AUTO_DELAYED,temp_playerCAT,,,,EventSetNextTutorial,
BadEnding_009,Player,TRUE,정말 나는 큰 잘못을 저질렀구나…,AUTO_DELAYED,temp_playerCAT,,,,EventSetNextTutorial,
BadEnding_010,Player,TRUE,{YourCatName}…그 아이에게 해선 안 될 짓을 했어…,TRUE/AUTO_DELAYED,temp_playerCAT,,,,EventSetNextTutorial,이후 길거리를 떠돌며 유기묘의 삶을 계속하는 컷씬
BadEnding_011,InnerThoughts,,그렇게 나는 차가운 길바닥 위에서 밤을 새워 떠돌았다.,AUTO_DELAYED,temp_playerCAT,,,BadEnding_1,,
,InnerThoughts,,사람 발소리만 스치고` 내 발자국만 끝없이 늘어갔다.,AUTO_DELAYED,temp_playerCAT,,,BadEnding_1,EventSetNextTutorial,
BadEnding_012,InnerThoughts,,숨을 곳을 찾아 떠돌다가 들개에게 쫓기기도 했다.,AUTO_DELAYED,temp_playerCAT,,,BadEnding_2,,
,InnerThoughts,,물려 넘어지고` 상처를 끌고 겨우 달아났다.,AUTO_DELAYED,temp_playerCAT,,,BadEnding_2,EventSetNextTutorial,
BadEnding_013,InnerThoughts,,배고픔을 견디지 못해 쓰레기통을 뒤지곤 했다.,AUTO_DELAYED,temp_playerCAT,,,BadEnding_3,,
,InnerThoughts,,남은 건 비린 냄새뿐…\n외로움 속에서 내 잘못만 끝없이 떠올랐다.,AUTO_DELAYED,temp_playerCAT,,,BadEnding_3,EventSetNextTutorial,
BadEnding_014,Monolog,,앞으로 계속… 이렇게 살아가야 하는 걸까…?\n이게 벌이라면… 난 아직 죗값을 다 치르지 못한 걸지도 몰라..,AUTO_DELAYED,,,,,,
,Monolog,,{YourCatName}아…정말 미안해…\n못난 주인은 잊고 너만은 행복하게 살아가렴...,TRUE/AUTO_DELAYED/FADE_OUT,,,,,EventSetNextTutorial,
,,,,,,,,,,
MiniGame1_001,Player,,윽! 이 타이밍이 아닌가…?,,temp_playerCAT,,,,,키홀딩 미니게임 스크립트
MiniGame1_002,Player,TRUE,분명 내 발인데도 왜 어렵지…?,,temp_playerCAT,,,,,
MiniGame1_003,Player,,악! 이게 아닌가봐!,,temp_playerCAT,,,,,
MiniGame1_004,Player,TRUE,조금 익숙해졌어..,,temp_playerCAT,,,,,
MiniGame1_005,Player,,좋아 이 타이밍대로 해보자!,,temp_playerCAT,,,,,
MiniGame1_006,Player,TRUE,얼마 안 남은 것 같아!,,temp_playerCAT,,,,,
,,,,,,,,,,
MiniGame3_GameOver,아이A,,아하하! 드디어 잡았다!!,,KidA,Happy,,,,
,Player,,으윽......결국 잡히고 말았어...,,temp_playerCAT,,,,,
,아이B,,자~ 야옹아! 우리와 함께 놀자!!,,KidB,Happy,,,,
,,,,,,,,,,
,,,,,,,,,,
,,,,,,,,,,
,,,,,,,,,,
MiniGame4_001,미야,,빨간 불이야! 지금이야!,,temp_Miya,,,,,미니게임 시작
MiniGame4_002,또리,,초록색 고양이만 누르면 돼!,,temp_Ttoli,,,,,1단계 힌트 제공
MiniGame4_003,미야,,시간이 얼마 안 남았어.,,temp_Miya,,,,,제한시간 20초 남았을 때
MiniGame4_004,미야,,…조급해하지 마.,,temp_Miya,,,,,잘못 눌렀을 경우
MiniGame4_005,또리,,빨간색 고양이는 누르지 않게 조심해!,,temp_Ttoli,,,,,2단계 힌트 제공
MiniGame4_006,또리,,강아지 모양은 누르면 안 돼!,,temp_Ttoli,,,,,3단계 힌트 제공
MiniGame4_007,또리,,조금만 더 힘내!,,temp_Ttoli,,,,,2단계 통과했을 경우
MiniGame4_008,미야,,거의 다 왔어!,,temp_Miya,,,,,3단계 통과했을 경우
MiniGame4_009,미야,,초록 불이야. 윽` 인간한테 들켰다! 조심해!!,,temp_Miya,,,,,제한 시간 다 끝났을 경우